original_name,drug_name,dose,form
1 2 3 (one two three) 20 f.c.tabs.,1 2 3 (one two three),Null,tablet
1 2 3 (one two three) syrup 120 ml,1 2 3 (one two three),120 ml,syrup
1 2 3 extra 20 f.c. tab.,1 2 3 extra,Null,tablet
4 wet intimate gel 100 ml,4 wet intimate,100 ml,gel
5-fluorouracil-ebewe 250mg/5ml i.v. vial,5-fluorouracil-ebewe,250 mg/ml,vial
5-ht 200 mg 60 caps. (illegal import),5-ht,200 mg,capsule
5fu 250mg/5ml vial,5fu,250 mg/ml,vial
900-900-900ku,900-900-900ku,Null,Null
Kemstical syrup 120 ml,Kemstical,120 ml,syrup
Roccatin 20mg,Roccatin,20 mg,Null
Silverburn cream,Silverburn,Null,cream
a-viton 50.000 i.u. 20 caps.,a-viton,50.000 IU,capsule
a-z gel 50 gm,a-z,50 gm,gel
a.one soap 100 gm,a.one,100 gm,soap
a.t.g fresenius 20mg/ml conc. vial 5 ml,a.t.g fresenius,20 mg/ml,vial
a1 cream 100 gm,a1,100 gm,cream
a1 cream 50 gm,a1,50 gm,cream
aape renewal eye cream 20 ml,aape renewal eye,20 ml,cream
aape renewal face cream 50 ml,aape renewal face,50 ml,cream
aape renewal facial toner 130 ml,aape renewal facial,130 ml,toner
aape renewal mask 10 pcs,aape renewal,Null,mask
aape renewal serum 40 ml,aape renewal,40 ml,serum
aape renewal sunscreen spf 45 - 60 ml,aape renewal sunscreen spf 45,60 ml,sunscreen
ab1 syrup 120 ml,ab1,120 ml,syrup
abc immune 10 sachets,abc immune,Null,sachet
abc lemon & honey syrup 320 ml,abc lemon & honey,320 ml,syrup
abc lemon & honey syrup 60 ml,abc lemon & honey,60 ml,syrup
abc mocotive topical spray 70 ml,abc mocotive topical,70 ml,spray
abc omega 3-6-9 syrup 60 ml,abc omega 3-6-9,60 ml,syrup
abc plus 14 tablets,abc plus,Null,tablet
abdominal belt,abdominal,Null,belt
abelcet 100mg vial,abelcet,100 mg,vial
aberto cream 75 gm,aberto,75 gm,cream
abevac 1mg/ml vial,abevac,1 mg/ml,vial
abidec multivitamin drops 25ml,abidec multivitamin,25 ml,drops
abidec multivitamin drops for inf. & child 50 ml,abidec multivitamin,50 ml,drops
abilaxine 10mg 5 adult supp.,abilaxine,10 mg,suppository
abilaxine 5 mg 20 coated tab.,abilaxine,5 mg,tablet
abilaxine 5mg 5 infantile supp.,abilaxine,5 mg,suppository
abilia 15mg 30 f.c.tabs.,abilia,15 mg,tablet
abilia 20mg 30 f.c.tabs.,abilia,20 mg,tablet
abilify 10 mg 10 discmelt orally dis.tabs.,abilify,10 mg,tablet
abilify 10 mg 10 tabs.,abilify,10 mg,tablet
abilify 15 mg 10 discmelt orally dis.tabs.,abilify,15 mg,tablet
abilify 15 mg 10 tabs.,abilify,15 mg,tablet
abilify 5 mg 10 tabs.,abilify,5 mg,tablet
abilify maintena 400 mg i.m. prefilled syringe,abilify maintena,400 mg,prefilled syringe
abimol 150mg/5ml syrup 125ml,abimol,150 mg/ml,syrup
abimol 300mg 5 rectal supp.,abimol,300 mg,suppository
abimol 500 mg 20 tab.,abimol,500 mg,tablet
abimol extra 20 tab.,abimol extra,Null,tablet
abionem cream 60 gm,abionem,60 gm,cream
abital oral spray 30 ml,abital oral,30 ml,spray
abivit c eff 12 tab,abivit c,Null,effervescent tablet
abrammune 100 mg 50 capsules(n/a yet),abrammune,100 mg,capsule
abrammune 100mg/ml syrup(n/a yet),abrammune,100 mg/ml,syrup
abrammune 25 mg 10 caps.(n/a yet),abrammune,25 mg,capsule
abrammune 50 mg 10 caps.(n/a yet),abrammune,50 mg,capsule
abrammune 50mg/ml syrup(n/a yet),abrammune,50 mg/ml,syrup
abraxane 100mg vial $$,abraxane,100 mg,vial
absorbable selenium 200 mcg 100 caps. (illegal import),absorbable selenium,200 mcg,softgel
abstain sr 150 mg 20 tab.,abstain,150 mg,tablet
abstral 100mcg 10 sublingual tabs.,abstral,100 mcg,sublingual tablet
abstral 200mcg 10 sublingual tabs.,abstral,200 mcg,sublingual tablet
abstral 400mcg 10 sublingual tabs,abstral,400 mcg,sublingual tablet
abylata 10 pieces,abylata 10 pieces,Null,Null
acadia blair liquid conditioner 200 ml,acadia blair liquid,200 ml,conditioner
acadia destina baby cream 60 gm,acadia destina baby,60 gm,cream
acadia destina lotion 120 ml,acadia destina,120 ml,lotion
acadia herashow oil spray 120 ml,acadia herashow oil,120 ml,spray
acadia herashow shampoo 200 ml,acadia herashow,200 ml,shampoo
acadia konda hair mask 200 gm,acadia konda hair,200 gm,mask
acai 1000 mg 60 softgels (illegal import),acai,1000 mg,softgel
acai berry 60 veg. caps. (natrol),acai berry 60,Null,capsule
acanthaprop 1mg/ml eye drops 10 ml,acanthaprop,1 mg/ml,eye drop
acapril 20mg 20 tab.,acapril,20 mg,tablet
acapril 5 mg 10 tab.,acapril,5 mg,tablet
acavio massage gel 50 gm,acavio massage,50 gm,gel
acc 200mg 20 sachets,acc,200 mg,sachet
acc long 600mg 5 effervescent tab.,acc long,600 mg,effervescent tablet
accelafen 30 f.c.tabs.,accelafen,Null,tablet
accent cream 30 gm,accent,30 gm,cream
accent cream 50 gm,accent,50 gm,cream
accofil 30 miu/0.5ml 5 prefilled syringes,accofil,30 miu/0.5 ml,prefilled syringe
accolate 20mg 28 tab.,accolate,20 mg,tablet
acdisteron 25mg 20 f.c. tabs,acdisteron,25 mg,tablet
aceclocopa 100 mg 20 f.c. tab.,aceclocopa,100 mg,tablet
aceczema cream 15 gm,aceczema,15 gm,cream
aceliofinaz 100 mg 20 f.c. tab.,aceliofinaz,100 mg,tablet
acemetacin stada 60mg 20 caps.,acemetacin stada,60 mg,capsule
acenewrax 200 mg 10 sachets,acenewrax,200 mg,sachet
acenewrax 600 mg 10 sachets,acenewrax,600 mg,sachet
acerumen ear spray 40 ml,acerumen ear,40 ml,spray
acesolv 2% syrup 60ml,acesolv,2 %,syrup
acetalgan 1 gm/100ml sol. for i.v. vial (n/a),acetalgan,1 gm/100 ml,vial
acetamex 250mg 20 tab.,acetamex,250 mg,tablet
acetaminophen 125mg paed. supp.u.s.p.xxiii,acetaminophen,125 mg,suppository
acetaminophen 500mg 20 tab,acetaminophen,500 mg,tablet
acetapax 14 sachets,acetapax,Null,sachet
acetaprofen 100ml susp.,acetaprofen,100 ml,suspension
albumin (human ) u.s.p 5% 1 vial 250 ml,albumin (human ) u.s.p,5 %,vial
albumin human 20% (100ml) i.v infusion,albumin human,20 %,infusion
albumin human 20% (50ml) i.v infusion,albumin human,20 %,infusion
albumin- kgc cc 50 ml vial,albumin- kgc cc,50 ml,vial
albumina tive 96% i.v. infusion,albumina tive,96 %,infusion
albumina umana isi 20 % vial,albumina umana isi,20 %,vial
albunorm 20% i.v.infusion (hospitals price),albunorm,20 %,infusion
albustix 16 mg 30 tabs.,albustix,16 mg,tabs
albustix 32 mg 30 tabs.,albustix,32 mg,tabs
albustix 4mg 30 tab.,albustix,4 mg,tab
albustix 8 mg 30 tabs.,albustix,8 mg,tabs
albustix d 16/12.5mg 30 tab.,albustix d,16/12.5 mg,tab
albustix d 32/12.5mg 30 tab.,albustix d,32/12.5 mg,tab
albustix d 32/25mg 30 tab.,albustix d,32/25 mg,tab
albustix d 8/12.5mg 30 tab.,albustix d,8/12.5 mg,tab
albutein 20% i.v. infusion (hospitals only),albutein,20 %,infusion
alcaftapro 0.25% eye drops 3 ml,alcaftapro,0.25 %,eye drops
alcagent mouth wash 100ml,alcagent,100 ml,mouth wash
alcina eye cream 15 ml (n/a),alcina eye,15 ml,cream
alcofan 100 mg 5 supp.,alcofan,100 mg,supp
alcofan 2.5% gel 30 gm,alcofan,2.5 %,gel
alcofan 25 mg 20 tabs.,alcofan,25 mg,tabs
alcofan 50 mg 12 caps.,alcofan,50 mg,caps
aldactazide 20 tab,aldactazide,0,tab
aldactone 100mg 20 tab,aldactone,100 mg,tab
aldactone 25mg 20 tab,aldactone,25 mg,tab
aldara 5% cream 12 sachets,aldara,5 %,cream
aldomet 250 mg 30 tab,aldomet,250 mg,tab
aldomet 500 mg 20 tab,aldomet,500 mg,tab
aldospira 25 mg 20 tabs.,aldospira,25 mg,tabs
aldospira 50 mg 20 tabs.,aldospira,50 mg,tabs
aleavia ear drops 20 ml,aleavia,20 ml,ear drops
alecensa 150 mg 224 caps.,alecensa,150 mg,caps
aleco care cream 120 gm,aleco care,120 gm,cream
aleen serum 75 ml,aleen,75 ml,serum
alejon acne cream 50 gm,alejon acne,50 gm,cream
alejon after sun gel 200 gm,alejon after sun,200 gm,gel
alejon anti-dandruff shampoo 200 ml,alejon anti-dandruff,200 ml,shampoo
alejon anti-hair loss shampoo 200 ml,alejon anti-hair loss,200 ml,shampoo
alejon bi phase hair spray 200 ml,alejon bi phase hair,200 ml,spray
alejon collagen serum 50 ml,alejon collagen,50 ml,serum
alejon deodorant roll on 50 ml,alejon deodorant,50 ml,0
alejon dry skin cleanser 150 ml,alejon dry skin,150 ml,cleanser
alejon eye contour cream 30 ml,alejon eye contour,30 ml,cream
alejon eye contour serum 30 ml,alejon eye contour,30 ml,serum
alejon facial moisturizer for dry skin 75 gm,alejon facial moisturizer,75 gm,0
alejon facial moisturizer gel 75 gm,alejon facial moisturizer,75 gm,gel
alejon facial toner 200 ml,alejon facial,200 ml,toner
alejon hair 15 vials x 3 ml,alejon hair,3 ml,vials
alejon hair conditioner 200 ml,alejon hair,200 ml,conditioner
alejon hair lotion 150 ml,alejon hair,150 ml,lotion
alejon hair mask 200 ml,alejon hair,200 ml,mask
alejon hair serum 50 ml,alejon hair,50 ml,serum
alejon hair shampoo 200 ml,alejon hair,200 ml,shampoo
alejon hand and nail cream 75 gm,alejon hand and nail,75 gm,cream
alejon oily cleanser 200 ml,alejon oily,200 ml,cleanser
alejon oily skin acne cream 50 gm,alejon oily skin acne,50 gm,cream
alejon oily soap 100 gm,alejon oily,100 gm,soap
alejon peel off mask with aloe vera / omega 3 & 6 - 125 ml,alejon peel off with aloe vera / omega 3 & 6,125 ml,mask
alejon peel off mask with vitamin c / algae 125 ml,alejon peel off with vitamin c / algae,125 ml,mask
alejon sun screen 50+ spf cream 75 ml,alejon sun screen 50+ spf,75 ml,cream
alejon sun screen 50+ spf gel 75 ml,alejon sun screen 50+ spf,75 ml,gel
alejon sun screen 50+ spf spray 200 ml,alejon sun screen 50+ spf,200 ml,spray
alejon tan oil 200 ml,alejon tan,200 ml,oil
alejon urea 10% cream 200 ml,alejon urea,10 %,cream
alejon vitamin c 10% serum 50 ml,alejon vitamin c,10 %,serum
alejon whitening body milk 200 ml,alejon whitening body,200 ml,milk
alejon whitening cleanser 200 ml,alejon whitening,200 ml,cleanser
alejon whitening cream 50 ml,alejon whitening,50 ml,cream
aleksa cream 50 gm,aleksa,50 gm,cream
alemox 1 gm 12 f.c.tabs.,alemox,1 gm,tabs
alemox 750 mg 12 f.c.tabs.,alemox,750 mg,tabs
alendene 70mg 2 tab.,alendene,70 mg,tab
alendex 10mg 10 tab.,alendex,10 mg,tab
alendex 40mg 14 tab.,alendex,40 mg,tab
alendex 70mg 2 tab.,alendex,70 mg,tab
alendomax 10 mg 14 tabs.,alendomax,10 mg,tabs
alendomax 40 mg 7 tabs.,alendomax,40 mg,tabs
alendomax 70 mg 2 tabs.,alendomax,70 mg,tabs
alendomax plus 70mg/2800 i.u. 2 tabs.,alendomax plus,70 mg/2800 IU,tabs
alendran 10 tablets,alendran,0,tablets
alergaway 5 mg 20 oral disinteg. tabs.,alergaway,5 mg,oral disinteg. tabs.
alergaway 50mg/100ml syrup,alergaway,50 mg/100 ml,syrup
alergoliber 10mg 20 f.c. tabs.,alergoliber,10 mg,tabs
alergoliber 1mg/ml syrup 120 ml,alergoliber,1 mg/ml,syrup
alerid 10 mg 20 chewable tab.,alerid,10 mg,chewable tab.
alerid 10 mg 20 f.c.tabs. (n/a),alerid,10 mg,tabs
alerid 10 mg 30 f.c.tabs.,alerid,10 mg,tabs
alerid 10mg/ml oral dps. 10 ml,alerid,10 mg/ml,oral dps.
alerid 5mg/5ml syrup 120ml,alerid,5 mg/5 ml,syrup
alertam 120mg 10 f.c.tab.,alertam,120 mg,tab
alertam 180mg 10 f.c.tab.,alertam,180 mg,tab
alertam 30mg/5ml oral susp. 100ml,alertam,30 mg/5 ml,oral susp.
alertam 60mg 20 f.c.tab..,alertam,60 mg,tab
alertin 20 tabs.,alertin,0,tabs
aleta 10 sachet,aleta,0,sachet
aleve 220 mg 24 tab,aleve,220 mg,tab
alex- diet 15 sachtes,alex- diet,0,sachtes
alex-panthen cream 20 gm,alex-panthen,20 gm,cream
alexa cream 75 gm,alexa,75 gm,cream
alexadricaine 1:100000 - 50 cartridges 1.7 ml,alexadricaine 1:100000,1.7 ml,cartridges
alexadricaine 1:200000 - 50 cartridges 1.7 ml,alexadricaine 1:200000,1.7 ml,cartridges
alexan 1000mg/20ml i.v./s.c./intrathecal vial,alexan,1000 mg/20 ml,vial
alexan 100mg/5ml i.v./s.c./intrathecal vial,alexan,100 mg/5 ml,vial
alexan 500mg/10ml i.v./s.c./intrathecal vial,alexan,500 mg/10 ml,vial
alexcorda 200 mg 30 tablets,alexcorda,200 mg,tablets
alexgenta 0.1% topical cream 15 gm,alexgenta,0.1 %,cream
alexlactive 200 sugar coated tab.,alexlactive,200 mg,tab
alexodiab 1000mg 30 tabs,alexodiab,1000 mg,tabs
alexodiab 500 mg 30 tabs,alexodiab,500 mg,tabs
alexolyte (ors) syrup 360ml,alexolyte,Null,syrup
alexoprine 75mg 50 chew. tab.,alexoprine,75 mg,tab
alexoprine forte 300mg 200 tab.,alexoprine forte,300 mg,tab
alexoquine 250mg 10 tab.,alexoquine,250 mg,tab
alextol 100mg/5ml oral susp. 100ml,alextol,100 mg/5 ml,susp
alfa wash antiseptic soln. 100ml,alfa wash antiseptic,Null,soln
alfa-cal plus 20 tab,alfa-cal plus,Null,tab
alfabetex 160/25mg 14 f.c. tabs.,alfabetex,160/25 mg,tabs
alfabetex 80/12.5mg 14 f.c. tabs.,alfabetex,80/12.5 mg,tabs
alfabonid 1mcg/ml (1ml=2mcg) 10 amp.,alfabonid,1 mcg/ml,amp
alfabonid 2mcg/ml (0.5ml=1mcg) 15 amp.,alfabonid,2 mcg/ml,amp
alfabonid 2mcg/ml (1ml=2mcg) 10 amp.,alfabonid,2 mcg/ml,amp
alfabonid 2mcg/ml oral dps. 10 ml,alfabonid,2 mcg/ml,dps
alfabonid 2mcg/ml oral dps. 20 ml,alfabonid,2 mcg/ml,dps
alfabrimo 0.2% eye drops 5 ml,alfabrimo,0.2 %,drops
alfabrimo plus eye drops 5 ml,alfabrimo plus,Null,drops
alfacalcidol 2mcg/ml oral dps. 10 ml,alfacalcidol,2 mcg/ml,dps
alfacalcidol 2mcg/ml oral dps. 20 ml,alfacalcidol,2 mcg/ml,dps
alfacareno 2mcg/ml oral drops. 10 ml,alfacareno,2 mcg/ml,drops
alfacart 20 caps,alfacart,Null,caps
alfacef 500mg/100ml vial for i.v. inf.,alfacef,500 mg/100 ml,vial
alfacef 750 mg 5 f.c.tab,alfacef,750 mg,tab
alfacef 750mg/30ml concentrate vial for i.v. inf.,alfacef,750 mg/30 ml,vial
alfaclindamycin 150 mg 10 caps.,alfaclindamycin,150 mg,caps
alfaclindamycin 300 mg 10 caps.,alfaclindamycin,300 mg,caps
alfaclindamycin 300mg/2ml 5 amp. i.v./i.m. inj.,alfaclindamycin,300 mg/2 ml,amp
alfaclindamycin 600mg/4ml 5 amp. i.v./i.m. inj.,alfaclindamycin,600 mg/4 ml,amp
alfacort cream 15 mg,alfacort,15 mg,cream
alfadopa 250mg 30 f.c.tab,alfadopa,250 mg,tab
alfamash 30 e.c. tabs.,alfamash,Null,tabs
alfaprostin 0.5mg/ml amp. for i.v. inf,alfaprostin,0.5 mg/ml,amp
alfaron 3 m.i.u prefilled syringe,alfaron,3 m.i.u,prefilled syringe
alfaron 5 m.i.u prefilled syringe,alfaron,5 m.i.u,prefilled syringe
alfaskin cream 50 gm,alfaskin,Null,cream
alfaspect 500 mg 5 s.f.c. tabs.,alfaspect,500 mg,tabs
alfaspect 750 mg 7 s.f.c. tabs.,alfaspect,750 mg,tabs
alfathromb 5mg 20 tabs,alfathromb,5 mg,tabs
alfatral 5mg s.r. 14 f.c.tab.,alfatral s.r.,5 mg,tab
alfuzosine 10 mg prolonged release cap.,alfuzosine,10 mg,cap
alganovo masssage gel 100 gm,alganovo masssage,Null,gel
alganovo masssage gel 50 gm,alganovo masssage,50 gm,gel
alganovo masssage spray 125 ml,alganovo masssage,125 ml,spray
algason massage cream 40 gm,algason massage,40 gm,cream
algesal suractive cream 40 gm,algesal suractive,40 gm,cream
algibaume cream 25 gm,algibaume,25 gm,cream
algicab susp. 120 ml,algicab,120 ml,suspension
alhydran gel 100ml,alhydran,100 ml,gel
alhydran gel 30ml,alhydran,30 ml,gel
aliamare nasal spray 100ml,aliamare nasal,100 ml,spray
alimta 100 mg pwd. for i.v. inf. vial,alimta,100 mg,vial
alimta 500mg i.v. vial(tender),alimta,500 mg,vial
alin 20 pieces,alin,Null,Null
aliquam anti-dandruff shampoo 200 ml,aliquam anti-dandruff shampoo,200 ml,shampoo
alirosa 30 caps,alirosa,Null,capsule
aliva 30 tabs,aliva,Null,tablet
alizolam 2mg 10 tab.,alizolam,2 mg,tablet
alka 10 sachets,alka,Null,sachet
alka rose massage cream 50 gm,alka rose massage,50 gm,cream
alka seltzer 24 tab,alka seltzer,Null,tablet
alka seltzer original 58 tab,alka seltzer original,Null,tablet
alka seltzer plus cold & flu 12 tab,alka seltzer plus cold & flu,Null,tablet
alka-misr alkaline wash powder 10 sachets,alka-misr alkaline wash,Null,powder
alka-misr alkaline wash powder 12 sachets,alka-misr alkaline wash,Null,powder
alkaline wash (sap) sachet.,alkaline wash (sap),Null,sachet
alkalipurin 2.4g/2.5gm granules (n/a),alkalipurin,2.4 g/2.5 gm,granule
alkament 12 sachet.,alkament,Null,sachet
alkamint powder,alkamint,Null,powder
alkanazole 150 mg 2 caps.,alkanazole,150 mg,capsule
alkanazole 150mg 1 caps.,alkanazole,150 mg,capsule
alkanol solution.,alkanol,Null,solution
alkapezil 10 mg 7 f.c. tabs.,alkapezil,10 mg,tablet
alkapezil 5 mg 10 f.c. tabs.,alkapezil,5 mg,tablet
alkapowder alkaline powder 12 sachets,alkapowder alkaline,Null,powder
alkapress 10mg 30 tab.,alkapress,10 mg,tablet
alkapress 5mg 20 tab.,alkapress,5 mg,tablet
alkapress plus 10/160mg 20 f.c. tabs.,alkapress plus,10/160 mg,tablet
alkapress plus 10/320 mg 7 f.c. tab.,alkapress plus,10/320 mg,tablet
alkapress plus 5/160mg 14 f.c. tabs.,alkapress plus,5/160 mg,tablet
alkapress trio 10/320/25mg 14 f.c. tabs.,alkapress trio,10/320/25 mg,tablet
alkapress trio 5/160/12.5mg 14 f.c. tabs.,alkapress trio,5/160/12.5 mg,tablet
alkapress trio 5/160/25mg 14 f.c. tabs.,alkapress trio,5/160/25 mg,tablet
alkapride 50 mg 30 scored tabs.,alkapride,50 mg,tablet
alkasilon 200ml,alkasilon,200 ml,Null
alkaspirin 24 tab.,alkaspirin,Null,tablet
alkeran 2mg 25 f.c.tablets,alkeran,2 mg,tablet
alkeran 2mg 25 tablets,alkeran,2 mg,tablet
alkeran 50mg 1 vial,alkeran,50 mg,vial
alkeran 5mg 25 tablets,alkeran,5 mg,tablet
alkomag susp. 120 ml,alkomag,120 ml,suspension
alkor 10 mg 14 f.c. tabs.,alkor,10 mg,tablet
alkor 20mg 14 f.c. tab.,alkor,20 mg,tab.
alkor 40mg 14 f.c. tab.,alkor,40 mg,tab.
alkor plus 10/20mg 14 tab.,alkor plus,10/20 mg,tab.
alkor plus 10/40mg 14 tab,alkor plus,10/40 mg,tab
alkyloxan 500mg vial,alkyloxan,500 mg,vial
all one vitamin c 1000 mg 30 tabs.,all one vitamin c,1000 mg,tabs.
all one zinc 50 mg 30 tabs.,all one zinc,50 mg,tabs.
all-care cream 30 gm,all-care,30 gm,cream
all-vent syrup 125ml,all-vent,125 ml,syrup
allear 2.5mg/5ml syrup 120 ml,allear,2.5 mg/5 ml,syrup
allear 5 mg 20 f.c.tabs.,allear,5 mg,tabs.
allerase 20 capsules,allerase,Null,capsules
allerban 1mg/5ml syrup 100 ml,allerban,1 mg/5 ml,syrup
allerban s.r. 2 mg 20 tabs.,allerban s.r.,2 mg,tabs.
allercet 20 caps,allercet,Null,caps
allercet cold 10 caps,allercet cold,Null,caps
allerdep nasal spray 60 ml,allerdep,60 ml,nasal spray
allerease 20 cap,allerease,Null,cap
allerex 60 mg 10 f.c. tabs.,allerex,60 mg,tabs.
allerfen 120mg 20 f.c. tabs.,allerfen,120 mg,tabs.
allerfen 120mg 30 f.c. tabs.,allerfen,120 mg,tabs.
allerfen 180 mg 20 f.c. tabs.,allerfen,180 mg,tabs.
allerfen 60mg 30 f.c.tab.,allerfen,60 mg,tab.
allergest tab,allergest,Null,tab
allergetone 10mg 20 tabs.,allergetone,10 mg,tabs.
allergex 1.5% cream 20 gm,allergex,1.5 %,cream
allergex 20mg 20 tab.,allergex,20 mg,tab.
allergex caffeine 20 tab.,allergex caffeine,Null,tab.
allergex h cream 20 gm,allergex h,20 gm,cream
allergicasone 125/50 mcg nasal spray 140 actuations,allergicasone,125/50 mcg,nasal spray
allergiraz 10mg 30 disintegrating tabs.,allergiraz,10 mg,disintegrating tabs.
allergiraz 5mg/5ml syrup 120 ml,allergiraz,5 mg/5 ml,syrup
allergstop 2.5mg/5ml syp. 100 ml(n/a),allergstop,2.5 mg/5 ml,syp.
allergstop 50 mg/100 ml syp,allergstop,50 mg/100 ml,syp
allergstop 5mg 10 tab,allergstop,5 mg,tab
allergyl 2% topical cream 15 gm,allergyl,2 %,topical cream
allergyl 2mg/5ml syrup 120ml,allergyl,2 mg/5 ml,syrup
allergyl 4 mg 20 tabs.,allergyl,4 mg,tabs.
allergyl 4 mg 20*10 tabs.,allergyl,4 mg,tabs.
allergyna 120mg 10 f.c. tab.,allergyna,120 mg,tab.
allerzone 0.1% cream 25 gm,allerzone,0.1 %,cream
allerzone 0.1% oint. 25 gm (n/a),allerzone,0.1 %,oint.
allerzone 0.1% topical lotion 20 ml,allerzone,0.1 %,topical lotion
allevo 5mg 20 f.c. tab.,allevo,5 mg,tab.
alliance cream 50 gm,alliance,50 gm,cream
alliaveratol 20 tablet,alliaveratol,Null,tablet
allinphi adult 30 tabs,allinphi adult,Null,tabs
allioglucin 20 capsule,allioglucin,Null,capsule
allmed b12 900mcg 25ml oral spary,allmed b12,900 mcg,oral spary
allmed d3 adult oral spray 3000 iu /2spray 21ml,allmed d3 adult,3000 IU,oral spray
allmed d3 infant oral spray 21 ml,allmed d3 infant,21 ml,oral spray
allmed d3 kids oral spray  21 ml,allmed d3 kids,21 ml,oral spray
allmed l-omega 3 - 30 caps.,allmed l-omega 3,Null,capsule
allmouth m. w & gargle,allmouth m. w & gargle,Null,mouth wash
alloben 30 tablets,alloben,Null,tablet
allozem-nano antiseptic gel 75 ml,allozem-nano antiseptic,75 ml,gel
allur cream 50 gm,allur,50 gm,cream
allzyme max limitless 20 e.c. tab,allzyme max limitless,Null,tablet
almitat 0.05% cream 15 gm,almitat,0.05 %,cream
almitat 15gm cream,almitat,15 gm,cream
almitat cream,almitat,Null,cream
almitat ointment 15 gm,almitat,15 gm,ointment
almotrip forte 12.5mg 2 f.c. tabs.,almotrip forte,12.5 mg,tablet
aloclair mouth wash 250 ml,aloclair,250 ml,mouth wash
aloe vera weiser 5 hair ampoules 10 ml,aloe vera weiser,10 ml,hair ampoule
aloe vera with natural e 10 soft cap,aloe vera with natural e,Null,soft capsule
aloe vera with natural e 30soft cap,aloe vera with natural e,Null,soft capsule
aloe vera with panthenol weiser 5 hair ampoules 10 ml,aloe vera with panthenol weiser,10 ml,hair ampoule
aloejen vaginal douche 200 ml,aloejen,200 ml,vaginal douche
aloekita anti-dandruff shampoo 200ml,aloekita anti-dandruff,200 ml,shampoo
aloekita ds hair shampoo 250 ml,aloekita ds hair,250 ml,shampoo
aloekita hair conditioner 200ml,aloekita,200 ml,hair conditioner
aloekita hair mask 200 gm,aloekita,200 gm,hair mask
aloekita hair shampoo 200ml,aloekita,200 ml,hair shampoo
aloekita hair spray 200 ml,aloekita,200 ml,hair spray
alojoba hair cream 250 gm,alojoba,250 gm,hair cream
alojoba hair oil 120 ml,alojoba,120 ml,hair oil
alojoba hair serum 120 ml,alojoba,120 ml,hair serum
alojoba hair shampoo 120 ml,alojoba,120 ml,hair shampoo
alojoba hair shampoo 250 ml,alojoba,250 ml,hair shampoo
alomide 1mg/ml eye drops 5 ml,alomide,1 mg/ml,eye drops
alopanthen hair lotion 190ml,alopanthen,190 ml,hair lotion
alopanthen hair shampoo 215 ml,alopanthen,215 ml,hair shampoo
aloreed oint. 20 gm,aloreed,20 gm,ointment
alotov  30 pieces,alotov,Null,Null
alovenol hair lotion 120 ml,alovenol,120 ml,hair lotion
alover 30 chew. pieces,alover,Null,Null
alovision hair lotion 120ml,alovision,120 ml,hair lotion
aloxi 0.25mg/5ml vial for i.v.,aloxi,0.25 mg/5 ml,vial
alpecin active shampoo a1 for normal or dry scalp 250 ml (n/a),alpecin active shampoo a1,250 ml,shampoo
alpecin active shampoo a2 for oily scalp 250 ml (n/a),alpecin active shampoo a2,250 ml,shampoo
alpecin anti-dandruff shampoo a3 250 ml (n/a),alpecin anti-dandruff shampoo a3,250 ml,shampoo
alpecin caffeine liquid 200 ml (n/a,alpecin caffeine,200 ml,liquid
alpecin caffeine liquid 200 ml (n/a),alpecin caffeine,200 ml,liquid
alpecin caffeine shampoo c1 250 ml (n/a),alpecin caffeine shampoo c1,250 ml,shampoo
alpecin double-effect caffeine shampoo 250 ml (n/a,alpecin double-effect caffeine shampoo,250 ml,shampoo
alpecin double-effect caffeine shampoo 250 ml (n/a),alpecin double-effect caffeine shampoo,250 ml,shampoo
alpecin sensitive shampoo s1 250 ml (n/a),alpecin sensitive shampoo s1,250 ml,shampoo
alpetigo 1% top. oint. 15 gm,alpetigo,1 %,ointment
alpha drink 20 sachets,alpha drink,Null,sachet
alpha fresh 2gm 15 sachets,alpha fresh,2 gm,sachets
alpha hepadox 20 caps.,alpha hepadox,Null,caps
alpha kadol oint. 35 gm,alpha kadol,35 gm,oint
alpha lipoic 600mg 20 tab,alpha lipoic,600 mg,tab
alpha more 20 sachets,alpha more,Null,sachets
alpha net 500 mg 20 caps,alpha net,500 mg,caps
alpha primo 20 caps,alpha primo,Null,caps
alpha tone 20 cap,alpha tone,Null,cap
alpha- cart 20 cap,alpha- cart,Null,cap
alphabrinzima 1%/0.2% eye drops 5 ml,alphabrinzima,1%/0.2%,eye drops
alphachymotrypsin 5mg 3 i.m. amps,alphachymotrypsin,5 mg,amps
alphaclarin 250 mg 14 f.c. tabs.,alphaclarin,250 mg,f.c. tabs
alphafe 14 sachet,alphafe,Null,sachet
alphafen 100mg/5ml susp. 120 ml,alphafen,100 mg/5 ml,susp
alphafen 600mg 20 tab,alphafen,600 mg,tab
alphafen 800mg 20 tab.,alphafen,800 mg,tab
alphaflatul syrup 100 ml,alphaflatul,Null,syrup
alphagan p eye drops 5 ml,alphagan p,Null,eye drops
alphakadol oint,alphakadol,Null,oint
alphalaxine 10 tab 25 strips,alphalaxine,Null,tab
alphalipo 600mg 20 f.c. tabs.,alphalipo,600 mg,f.c. tabs
alphamix hair oil 100 ml,alphamix hair,Null,oil
alphamylase syrup 80 ml,alphamylase,Null,syrup
alphanerve 20 tab.,alphanerve,Null,tab
alphanova 0.15% ophth. sol. 5 ml,alphanova,0.15%,ophth. sol
alphanova plus ophth. sol. 5 ml,alphanova plus,Null,ophth. sol
alphanova sante anti stretch mark milk 400 ml,alphanova sante anti stretch mark,Null,milk
alphathromb 5 mcg 20 tabs.,alphathromb,5 mcg,tabs
alphavim 300 - 20 caps.,alphavim,300 mg,caps
alphavim 600 - 20 caps.,alphavim,600 mg,caps
alphintern 30 f.c.tabs,alphintern,Null,f.c.tabs
alpon 30 pieces,alpon,Null,Null
alprax 1 mg 10 s.r.caps.(n/a),alprax,1 mg,s.r.caps
alprax 1 mg 20 tabs,alprax,1 mg,tabs
alprospire 0.5mg/ml amp. for i.v. inf,alprospire,0.5 mg/ml,amp
alsavin one 48 mg / 2.4ml,alsavin one,48 mg / 2.4 ml,Null
alsicur 12 cap,alsicur,Null,cap
alsiroyal 12 cap,alsiroyal,Null,cap
alsiroyal 15 cap,alsiroyal,Null,cap
alsotrin 60 mg 20 caps.,alsotrin,60 mg,caps
altargo 1% top.oint,altargo,1%,top.oint
altiazem 60mg 40 tab,altiazem,60 mg,tab
altomanira 10/40mg 21 tab,altomanira,10/40 mg,tab
alton h cap,alton h,Null,cap
altressa 120 ml spray,altressa,Null,spray
altressa 200 ml shampoo,altressa,Null,shampoo
altressa hair shampoo 200 ml,altressa hair,Null,shampoo
alucal 320mg 20 chewable tab.,alucal,320 mg,chewable tab
alucal plus 20 chew. tab.,alucal plus,Null,chew. tab
alukast 20 mg 20 f.c. tab.,alukast,20 mg,f.c. tab
alumag 20 tab.,alumag,Null,tab.
alumatrend oral susp. 240 ml,alumatrend,Null,oral susp.
alupent 2 mg/ml 100 ml elixir,alupent,2 mg/ml,elixir
alusprin forte 300 mg 10 tab (chew ),alusprin forte,300 mg,tab (chew )
alusprin inf 75 mg,alusprin inf,75 mg,Null
alveobreeze 12 mcg 30 caps. for inh.+inhaler,alveobreeze,12 mcg,caps.
alveofact 108mg/2.4ml intratracheal vial,alveofact,108 mg/2.4 ml,intratracheal vial
alveofact 54mg/1.2ml intratracheal vial,alveofact,54 mg/1.2 ml,intratracheal vial
alveokids syrup 120 ml,alveokids,Null,syrup
alveolin syrup 100 ml,alveolin,Null,syrup
alveolin-p syrup 100 ml,alveolin-p,Null,syrup
alveorest syrup 120 ml,alveorest,Null,syrup
alveotrack 5mg/ml inhalation solution 30 ml,alveotrack,5 mg/ml,inhalation solution
alverinspasm 24 s.g.caps.,alverinspasm,Null,s.g.caps.
alvesco 160mcg/actuation inhaler 120 doses,alvesco,160 mcg/actuation,inhaler
alvesco 160mcg/actuation inhaler 60 doses,alvesco,160 mcg/actuation,inhaler
alvesco 80mcg/actuation inhaler,alvesco,80 mcg/actuation,inhaler
alvetatalin 120 mg 30cap,alvetatalin,120 mg,cap
alvital iron syrup 120 ml,alvital iron,Null,syrup
alvital syrup 120 ml,alvital,Null,syrup
alvityl 12 vitamines 50 coated tab,alvityl 12 vitamines,Null,coated tab
alwen 100 gm massage gel,alwen,100 gm,massage gel
alwen 120 ml massage spray,alwen,Null,massage spray
alzac 10mg 20 caps.,alzac,10 mg,caps.
alzad seas syrup 120 ml,alzad seas,Null,syrup
alzaglob 10mg 10 scored f.c. tab.,alzaglob,10 mg,scored f.c. tab.
alzental 200 mg 2 f.c.tabs,alzental,200 mg,f.c.tabs
alzental 200mg 6 f.c. tab.,alzental,200 mg,f.c. tab.
alzental 20mg/ml susp. 20ml,alzental,20 mg/ml,susp.
alzepizil 10mg 14 f.c. tab.,alzepizil,10 mg,f.c. tab.
alzepizil 5mg 14 f.c. tab.,alzepizil,5 mg,f.c. tab.
alzimer 10mg 10 f.c. tab.,alzimer,10 mg,f.c. tab.
alzimer 5mg 10 f.c. tab.,alzimer,5 mg,f.c. tab.
alzixa 10 mg 30 f.c. tabs.,alzixa,10 mg,f.c. tabs.
alzmenda 10 mg 21 f.c.tab,alzmenda,10 mg,f.c.tab
alzmenda 10mg/gm oral drops 20 ml,alzmenda,10 mg/gm,oral drops
alzmenda 20 mg 21 f.c.tabs,alzmenda,20 mg,f.c.tabs
alzmenda 5 mg 14 f.c. tab,alzmenda,5 mg,f.c. tab
amadol 100 mg s.r. 10 tabs,amadol,100 mg,s.r. tabs
amadol 100mg/2ml 3 amps.,amadol,100 mg/2 ml,amps.
amadol 50 mg 20 caps,amadol,50 mg,caps
amaglust 2/30 mg 30 scored tab,amaglust,2/30 mg,scored tab
amaglust 4/30 mg 30 scored tab,amaglust,4/30 mg,scored tab
aman plus 200ml intimate feminine wash,aman plus,Null,intimate feminine wash
amantadine 100mg 10 cap,amantadine,100 mg,cap
amantine 100mg 24caps.,amantine,100 mg,caps.
amaren hair serum 120 ml,amaren hair,Null,serum
amaryl 1mg 30 tab,amaryl,1 mg,tab
amaryl 2 mg 30 tabs,amaryl,2 mg,tabs
amaryl 3 mg 30 tabs,amaryl,3 mg,tabs
amaryl 4 mg 30 tabs,amaryl,4 mg,tabs
amaryl m 2/500 mg 30 f.c.tabs.,amaryl m,2/500 mg,tabs
ambezim-g 30 f.c. tabs.,ambezim-g,Null,tabs
ambisome 50mg i.v. vial,ambisome,50 mg,vial
ambrodoxy 10 caps.,ambrodoxy,Null,caps
ambropro 20 mg 20 lozenges,ambropro,20 mg,lozenges
ambropro 20 mg 200 lozenges,ambropro,20 mg,lozenges
ambroxol 15 mg/5ml syp. 120 ml,ambroxol,15 mg/5 ml,syp
ambroxol 30mg 20 tab.,ambroxol,30 mg,tab
ambroxol 7.5mg/ml oral drops 15 ml,ambroxol,7.5 mg/ml,oral drops
ambroxol 75mg s.r 10 caps.,ambroxol,75 mg,caps
amcinol 40mg/ml i.m amp.,amcinol,40 mg/ml,amp
amebazol 1gm 2 f.c. tabs.,amebazol,1 gm,tabs
ameillia intimate feminine wash 250 ml,ameillia intimate feminine,250 ml,wash
ameropem 1 gm i.v. vial,ameropem,1 gm,vial
ameropem 500 mg i.v. vial,ameropem,500 mg,vial
ametic 10mg/2ml 3 amp. for i.m./i.v. inj.,ametic,10 mg/2 ml,amp
amfipen 125mg/5ml susp 60 ml,amfipen,125 mg/5 ml,susp
amfipen 250 mg 12 cap,amfipen,250 mg,cap
amfipen 250mg/5ml susp 60 ml,amfipen,250 mg/5 ml,susp
amfipen 500 mg 12 cap,amfipen,500 mg,cap
amflux 1 g vial,amflux,1 g,vial
amflux 500mg vial,amflux,500 mg,vial
amgevita 40mg/0.8ml 2 pref. syringes,amgevita,40 mg/0.8 ml,syringes
amgevita 40mg/0.8ml 2 prefilled pens,amgevita,40 mg/0.8 ml,pens
amigraine adco 30 tablets,amigraine adco,Null,tablets
amigrawest 2.5mg 4 f.c. tab,amigrawest,2.5 mg,tab
amikabiotic 100mg/2ml 3 amp.,amikabiotic,100 mg/2 ml,amp
amikabiotic 500mg/2ml 3 amp.,amikabiotic,500 mg/2 ml,amp
amikacin 500mg vial (Amoun),amikacin,500 mg,vial
amikacin amoun 100mg/2ml vial,amikacin amoun,100 mg/2 ml,vial
amikacin amoun 250mg/2ml vial,amikacin amoun,250 mg/2 ml,vial
amikacin amoun 500mg/2ml vial,amikacin amoun,500 mg/2 ml,vial
amikacin eipico 100mg/2ml i.m./i.v. vial,amikacin eipico,100 mg/2 ml,vial
amikacin eipico 500mg/2ml i.m./i.v. vial,amikacin eipico,500 mg/2 ml,vial
amikacin spray 100 ml,amikacin,100 ml,spray
amikaskiv 1000mg/4ml i.m./i.v. soln. for inj.,amikaskiv,1000 mg/4 ml,soln
amikaskiv 250mg/2ml vial,amikaskiv,250 mg/2 ml,vial
amikaskiv 500mg/2ml vial,amikaskiv,500 mg/2 ml,vial
amikin 100mg/2ml vial (n/a),amikin,100 mg/2 ml,vial
amikin 250mg/2ml vial (n/a),amikin,250 mg/2 ml,vial
amikin 500mg/2ml vial (n/a),amikin,500 mg/2 ml,vial
amilo 10mg 20 tab.,amilo,10 mg,tab
amilo 5 mg 30 tab.,amilo,5 mg,tab
amilo plus 5/160mg 10 tab.,amilo plus,5/160 mg,tab
aminess 400 ml p- infusion,aminess,400 ml,infusion
amino (anabolic) 100 tablets,amino (anabolic),Null,tablets
amino 10000 120cap,amino 10000,Null,cap
amino 18 - 30 capsules,amino 18,Null,capsules
amino 22000 - 120 cap,amino 22000,Null,cap
amino 22000 whey c 100 cap,amino 22000 whey c,100 mg,cap
amino 22000 whey c 150 cap,amino 22000 whey c,150 mg,cap
amino 22000 whey c 60 cap,amino 22000 whey c,60 mg,cap
amino 2222 300 cap,amino 2222,300 mg,cap
amino 2222 320 tab,amino 2222,320 mg,tab
amino 2222 mg high protein 90 cap,amino high protein,2222 mg,cap
amino acid 1200 complex 12 cap,amino acid 1200 complex,Null,cap
amino acid 1600 unit / tab,amino acid,1600 unit,tab
amino cal 30 tab,amino cal,30 mg,tab
amino forto 500 mg 20 tabs,amino forto,500 mg,tab
amino fuel 2000 mg 150 tab,amino fuel,2000 mg,tab
amino fuel 2222 60 cap with calcium,amino fuel with calcium,2222 mg,cap
amino fuel 2222 90 cap,amino fuel,2222 mg,cap
amino fuel 794 gm powder ( vanillia ),amino fuel (vanillia),794 gm,powder
amino fuel 798 gm powder ( strawberry ),amino fuel (strawberry),798 gm,powder
amino fuel anabolic*liquid 948 ml,amino fuel,948 ml,liquid
amino fuel powder 817 gm ( chocolate ),amino fuel (chocolate),817 gm,powder
amino plus 10 tab,amino plus,10 mg,tab
amino powder 0.5 kg chocolate,amino (chocolate),0.5 kg,powder
amino powder 0.5 kg vanillia,amino (vanillia),0.5 kg,powder
amino vit 100 gm,amino vit,100 gm,Null
amino whey 9999 (anabolic) 30 sachets chocolate,amino whey 9999 (anabolic) (chocolate),Null,sachets
amino whey 9999 30 sachets vanilla,amino whey 9999 (vanilla),Null,sachets
amino whey 9999 anabolic 30 sachets apple,amino whey 9999 (anabolic) (apple),Null,sachets
amino-acid complex 1200mg 12 tab,amino-acid complex,1200 mg,tab
aminofuel 150 tab,aminofuel,150 mg,tab
aminofuel 60 tab,aminofuel,60 mg,tab
aminoleban i.v. infusion 500 ml,aminoleban,500 ml,infusion
aminoleban oral powder 450 gm (net price),aminoleban (net price),450 gm,powder
aminophlline syrup 120 ml,aminophlline,120 ml,syrup
aminoplasmal 10% e i.v.infusion,aminoplasmal e,10 %,infusion
aminoplasmal 10% i.v.infusion,aminoplasmal,10 %,infusion
aminoplasmal 5% e i.v.infusion,aminoplasmal e,5 %,infusion
aminoplasmal hepa 10%  i.v.infusion,aminoplasmal hepa,10 %,infusion
aminorenocare 100 f.c. tabs.,aminorenocare,Null,tab
aminosteril 8% n- hepa sol 500 ml,aminosteril n- hepa,8 %,solution
aminosteril ke 10% infusion (n/a),aminosteril ke,10 %,infusion
aminots gh 120 cap,aminots gh,120 mg,cap
aminoven 10% (500ml) i.v.infusion,aminoven,10 %,infusion
aminoven 15% (500ml) i.v.infusion,aminoven,15 %,infusion
aminoven infant 10% (100ml) i.v.infusion,aminoven infant,10 %,infusion
aminoven infant 10% 250 ml i.v.infusion,aminoven infant,10 %,infusion
aminovenous n.paed 6% i.v.infusion,aminovenous n.paed,6 %,infusion
aminta  10% i.v. inf. 250 ml,aminta,10 %,infusion
aminta 24 chewable pieces,aminta,Null,chewable pieces
aminta 30 chewable pieces,aminta,Null,chewable pieces
amiparen 10% (250ml) i.v. inf.,amiparen,10 %,infusion
amiparen 10% (500ml) i.v. inf.,amiparen,10 %,infusion
amipride 100mg 30 tab,amipride,100 mg,tab
amipride 200 mg 20 scored tab,amipride,200 mg,scored tab
acetaprofen 120ml susp.,acetaprofen,120 ml,susp.
acetasee 1% eye drops (susp.) 5 ml,acetasee,1 %,eye drops (susp.)
aceto-v vaginal wash 250 ml,aceto-v,250 ml,vaginal wash
acetoflu cold and flu 20 f.c. tabs.,acetoflu cold and flu,20 mg,tabs.
acetoflu cold and flu syrup 100 ml,acetoflu cold and flu,100 ml,syrup
acetoful for women 10 tabs.,acetoful,10 mg,tabs.
acetorphan children 30mg oral sachet,acetorphan children,30 mg,oral sachet
acetorphan infant 10mg oral sachets,acetorphan infant,10 mg,oral sachets
acetothyme 10 sachets,acetothyme,10 mg,sachets
acetylcistein 200 mg 10 sachet,acetylcistein,200 mg,sachet
acetylcistein 600 mg 10 eff. instant gran. sachets,acetylcistein,600 mg,eff. instant gran. sachets
acetylcystdar 600 mg 12 eff. tabs,acetylcystdar,600 mg,eff. tabs
acetylovan syrup 100ml,acetylovan,100 ml,syrup
achtenon 2 mg 20 tabs.,achtenon,2 mg,tabs.
achtenon 2 mg 30 tabs.,achtenon,2 mg,tabs.
achterctin 0.5% 60ml lotion(n/a yet),achterctin,0.5 %,lotion
aciclovir mylan 250 mg 5 vials,aciclovir mylan,250 mg,vials
aciclovir mylan 500 mg 5 vials,aciclovir mylan,500 mg,vials
acicone 720 mg 20 chew. tab.,acicone,720 mg,chew. tab.
acicone susp. 120ml,acicone,120 ml,susp.
acicone susp. 200 ml,acicone,200 ml,susp.
acicone-s 720/25mg 20 chew. tab,acicone-s,720/25 mg,chew. tab
acicone-s oral susp. 120ml,acicone-s,120 ml,oral susp.
acicone-s oral susp. 200ml,acicone-s,200 ml,oral susp.
acidipan oral susp. 180 ml,acidipan,180 ml,oral susp.
acidnor 200 ml / amp 2 ml(5 amp),acidnor,2 ml,amp
acidophilus probiotic 150 tabs. (natrol),acidophilus probiotic,150 mg,tabs.
acik cream 50 gm,acik,50 gm,cream
acitretin 10mg 30 caps.,acitretin,10 mg,caps.
acitretin 25mg 30 caps.,acitretin,25 mg,caps.
acivirax 400mg 30 tabs.,acivirax,400 mg,tabs.
acivirax 800mg 20 tabs.,acivirax,800 mg,tabs.
aclasta 5mg/100ml soln. for inf.,aclasta,5 mg/100 ml,soln. for inf.
acless soap 100 gm,acless,100 gm,soap
acne benz topical gel 30 gm,acne benz,30 gm,topical gel
acne biotic paint 15 ml,acne biotic,15 ml,paint
acne free 0.025% gel 30 gm (n/a),acne free,0.025 %,gel
acne free 0.05% cream 30 gm,acne free,0.05 %,cream
acne stop lotion,acne stop,0,lotion
acne zinc topical solution 20 ml,acne zinc,20 ml,topical solution
acne-jed 0.1% topical gel 15 gm,acne-jed,0.1 %,topical gel
acne-stop cream 30 gm,acne-stop,30 gm,cream
acne-stop facial wash 200 ml,acne-stop,200 ml,facial wash
acne-stop system (cream+wash),acne-stop,0,system (cream+wash)
acnebless cream 50 gm,acnebless,50 gm,cream
acnebless facial cleansing foaming gel 200 ml,acnebless,200 ml,facial cleansing foaming gel
acnebless facial gel 50 ml,acnebless,50 ml,facial gel
acnefence topical gel 50 gm,acnefence,50 gm,topical gel
acnelofix 20 mg 20 caps.,acnelofix,20 mg,caps.
acnescave 0.1% topical gel 30 gm,acnescave,0.1 %,topical gel
amipride 200mg 30 tab,amipride,200 mg,tab
amipride 400 mg 20 scored f.c. tab,amipride,400 mg,tab
amipride 50mg 20 tab,amipride,50 mg,tab
amipride 50mg 30 tab,amipride,50 mg,tab
amiprostone 24mcg 20 caps,amiprostone,24 mcg,caps
amiprostone 24mcg 30 caps,amiprostone,24 mcg,caps
amiprostone 8mcg 20 caps,amiprostone,8 mcg,caps
amiron 150mg/3ml 6 i.v. amp.,amiron,150 mg/3 ml,amp.
amiron 200 mg 10 tablets,amiron,200 mg,tablets
amitriptine 50mg 30 tab.,amitriptine,50 mg,tab.
amitriptine 75mg s.r. caps.,amitriptine,75 mg,caps.
amlo-ace 5/10 mg 10 caps.,amlo-ace,5/10 mg,caps.
amlobenzamir 10/20mg 10 caps.,amlobenzamir,10/20 mg,caps.
amlobenzamir 2.5/10mg 10 caps.,amlobenzamir,2.5/10 mg,caps.
amlobenzamir 5/10mg 10 caps.,amlobenzamir,5/10 mg,caps.
amlobenzamir 5/20mg 10 caps.,amlobenzamir,5/20 mg,caps.
amlodipine 10mg 20 tabs.,amlodipine,10 mg,tabs.
amlodipine 5mg 30 tab.,amlodipine,5 mg,tab.
amlosazide 10/25/40mg 10 f.c. tabs,amlosazide,10/25/40 mg,tabs
amlosazide 5/12.5/20 mg 30 f.c. tabs.,amlosazide,5/12.5/20 mg,tabs.
amlosazide 5/12.5/40 mg 30 f.c. tabs.,amlosazide,5/12.5/40 mg,tabs.
amlosazide 5/25/40 mg 20 f.c. tabs.,amlosazide,5/25/40 mg,tabs.
amlosazide 5/25/40 mg 30 f.c. tabs.,amlosazide,5/25/40 mg,tabs.
amlostat 10/10 mg 10 f.c. tab.,amlostat,10/10 mg,tab.
amlostat 5/10 mg 10 f.c. tab.,amlostat,5/10 mg,tab.
amlosterolen 10/40mg 14 f.c. tabs.,amlosterolen,10/40 mg,tabs.
amlosterolen 5/20mg 14 f.c. tab.,amlosterolen,5/20 mg,tab.
amloveran 10/10mg 30 tabs.,amloveran,10/10 mg,tabs.
amloveran 10/5mg 30 tabs.,amloveran,10/5 mg,tabs.
amloveran 5/10mg 30 tabs.,amloveran,5/10 mg,tabs.
amloveran 5/5mg 30 tabs.,amloveran,5/5 mg,tabs.
amloveran plus 10/2.5/10mg 30 f.c.tabs.,amloveran plus,10/2.5/10 mg,tabs.
amloveran plus 5/1.25/5mg 30 f.c.tabs.,amloveran plus,5/1.25/5 mg,tabs.
amloveran plus 5/2.5/10mg 30 f.c.tabs.,amloveran plus,5/2.5/10 mg,tabs.
amlowest 2.5mg 30 tab.,amlowest,2.5 mg,tab.
amlozapril 10/20mg 10caps.,amlozapril,10/20 mg,caps.
ammonia solution 15 ml,ammonia,15 ml,solution
ammonia solution10 ml,ammonia,10 ml,solution
ammoniated mercury 5% 30 gm- oint,ammoniated mercury,5 %,oint
ammoniated mercury 5% oint. 30 gm,ammoniated mercury,5 %,oint.
ammoniated mercury 5gm/100gm oint.,ammoniated mercury,5 gm/100 gm,oint.
ammoria rejuvinating cream 30 gm,ammoria rejuvinating,30 gm,cream
amocerebral plus 20/40 mg 30 tabs.,amocerebral plus,20/40 mg,tabs.
amoclawin 1 gm 7 tab,amoclawin,1 gm,tab
amoclawin 228.5mg/5ml pd. for oral susp. 60ml,amoclawin,228.5 mg/5 ml,susp.
amoclawin 457mg/5ml pd. for oral susp. 60ml,amoclawin,457 mg/5 ml,susp.
amoclox 500mg 16caps.,amoclox,500 mg,caps.
amocomb cream 15 gm,amocomb,15 gm,cream
amoebyl 500mg 20 tabs.,amoebyl,500 mg,tabs.
amoflam 100mg 10 enteric coated tab.,amoflam,100 mg,tab.
amoflux 125/125mg 12 caps.,amoflux,125/125 mg,capsule
amoflux 250/250mg 16 caps.,amoflux,250/250 mg,capsule
amoflux 250mg pd. for oral susp. 100 ml,amoflux,250 mg,suspension
amoflux 500mg 16 caps.,amoflux,500 mg,capsule
amoflux 500mg vial,amoflux,500 mg,vial
amofluxin 1 gm 20 f.c. tabs.,amofluxin,1 gm,tablet
amofluxin 1 gm vial i.m/i.v.,amofluxin,1 gm,vial
amofluxin 500mg 20 caps.,amofluxin,500 mg,capsule
amofluxin 500mg vial,amofluxin,500 mg,vial
amollir lotion 150 ml,amollir,150 ml,lotion
amophage 500mg 30 tab,amophage,500 mg,tablet
amophage extra 2.5/500mg 30 tab,amophage extra,2.5/500 mg,tablet
amophage extra 5/500mg 30 tab,amophage extra,5/500 mg,tablet
amorina feminine wash 120 ml,amorina,120 ml,feminine wash
amorolfine 5% nail lacquer with spatulas and nail files,amorolfine,5 %,nail lacquer
amosar 100mg 30 f.c. tabs.,amosar,100 mg,tablet
amosar 25mg 20 f.c.tab.,amosar,25 mg,tablet
amosar 50mg 30 f.c. tabs.,amosar,50 mg,tablet
amosar forte 100/25 mg 30 f.c.tab.,amosar forte,100/25 mg,tablet
amostigmine 0.5mg/ml  3amp,amostigmine,0.5 mg/ml,ampoule
amostigmine 15 mg 20 tab,amostigmine,15 mg,tablet
amotenolol 100mg 10 f.c.tab.,amotenolol,100 mg,tablet
amotenolol 50mg 10 f.c.tab.,amotenolol,50 mg,tablet
amotril 0.5mg 30 tab.,amotril,0.5 mg,tablet
amotril 2mg 30 tab.,amotril,2 mg,tablet
amovit calcium 12 eff. tab.,amovit calcium,0,effervescent tablet
amovit-c 1 gm 12 eff. tab.,amovit-c,1 gm,effervescent tablet
amoxicid 125mg/5ml susp. 60ml,amoxicid,125 mg/5 ml,suspension
amoxicid 250mg 12 caps.,amoxicid,250 mg,capsule
amoxicid 250mg/5ml susp. 60ml,amoxicid,250 mg/5 ml,suspension
amoxicid 500 mg 12 caps.,amoxicid,500 mg,capsule
amoxicillin 500mg 12 caps.,amoxicillin,500 mg,capsule
amoxicillin stada 1000mg 12 f.c. tabs.,amoxicillin stada,1000 mg,tablet
amoxil 125mg/5ml susp. 100ml,amoxil,125 mg/5 ml,suspension
amoxil 1gm vial,amoxil,1 gm,vial
amoxil 500mg 12 caps.,amoxil,500 mg,capsule
amoxil 500mg vial,amoxil,500 mg,vial
amoxil fort 250mg/5ml susp. 100ml,amoxil fort,250 mg/5 ml,suspension
amoxil fort 250mg/5ml susp. 60ml,amoxil fort,250 mg/5 ml,suspension
amoxilanic 228.5mg/5ml pd. for oral susp. 60ml,amoxilanic,228.5 mg/5 ml,suspension
amoxilanic 457mg/5ml susp. 70ml,amoxilanic,457 mg/5 ml,suspension
amoxycillin 250 mg/5 ml susp. 100 ml,amoxycillin,250 mg/5 ml,suspension
amoxycillin 250 mg/5 ml susp. 80 ml,amoxycillin,250 mg/5 ml,suspension
amoxycillin 250mg 12 caps b.p.2013,amoxycillin,250 mg,capsule
amoxycillin 500mg 10 caps b.p.2013,amoxycillin,500 mg,capsule
amoxycillin 500mg 12 caps b.p.2013,amoxycillin,500 mg,capsule
amphotericin- b 50 mg vial,amphotericin- b,50 mg,vial
ampiava 750 mg 30 f.c.tabs.,ampiava,750 mg,tablet
ampicid 250 mg cap,ampicid,250 mg,capsule
ampicid 500 mg 12 cap,ampicid,500 mg,capsule
ampicillin forte 250mg/5ml susp. 60ml,ampicillin forte,250 mg / 5 ml,suspension
ampicillin forte 500mg 12 cap,ampicillin forte,500 mg,capsule
ampicillin sodium 1 gm vial,ampicillin sodium,1 gm,vial
ampicillin sodium 500mg i.m/i.v vial,ampicillin sodium,500 mg,vial
ampicillin-alex 250mg 12caps,ampicillin-alex,250 mg,capsule
ampicillin-alex 500mg 12 h.g.caps.,ampicillin-alex,500 mg,capsule
ampicillin-cid 250mg 12 caps,ampicillin-cid,250 mg,capsule
ampicillin-cid 500 mg 12 caps.,ampicillin-cid,500 mg,capsule
ampicillin-el nasr 1 gm vial,ampicillin-el nasr,1 gm,vial
ampicillin-el nasr 125mg/5ml susp. 30 ml,ampicillin-el nasr,125 mg / 5 ml,suspension
ampicillin-el nasr 250mg 12 caps.,ampicillin-el nasr,250 mg,capsule
ampicillin-el nasr 250mg/5ml susp. 30ml,ampicillin-el nasr,250 mg / 5 ml,suspension
ampicillin-el nasr 500 mg 12 caps.usp 23,ampicillin-el nasr,500 mg,capsule
ampicillin-el nasr 500 mg vial,ampicillin-el nasr,500 mg,vial
ampicillin-misr 1 gm vial,ampicillin-misr,1 gm,vial
ampicillin-misr 125mg/5 ml susp. 60ml,ampicillin-misr,125 mg / 5 ml,suspension
ampicillin-misr 250 mg 12 caps.,ampicillin-misr,250 mg,capsule
ampicillin-misr 250 mg vial,ampicillin-misr,250 mg,vial
ampicillin-misr 250mg/5ml susp. 60ml,ampicillin-misr,250 mg / 5 ml,suspension
ampicillin-misr 500mg 12 caps.,ampicillin-misr,500 mg,capsule
ampicillin-misr 500mg vial,ampicillin-misr,500 mg,vial
ampicillin-nile 1gm vial,ampicillin-nile,1 gm,vial
ampicillin-nile 500mg vial,ampicillin-nile,500 mg,vial
ampicillin-october pharma 500mg 10 caps.,ampicillin-october pharma,500 mg,capsule
ampiclox 500mg 12caps.,ampiclox,500 mg,capsule
ampiclozapine 250mg 20 caps.,ampiclozapine,250 mg,capsule
ampictam 1500mg vial for i.v./i.m. inj.,ampictam,1500 mg,vial
ampictam 375mg 12 tab.,ampictam,375 mg,tablet
ampictam 750mg vial,ampictam,750 mg,vial
ampiflux 250mg/5ml susp. 60ml,ampiflux,250 mg / 5 ml,suspension
ampiflux 500mg 12 caps.,ampiflux,500 mg,capsule
ampofer 20mg/ml 5 amp. for i.v. inj./inf.,ampofer,20 mg/ml,ampoule
amrase 30 enteric coated tab.,amrase,Null,tablet
amri-k 10mg/ml 5 amp. i.m.,amri-k,10 mg/ml,ampoule
amribromazepam 1.5 mg 30 tabs.,amribromazepam,1.5 mg,tablet
amribromazepam 3mg 30 tabs.,amribromazepam,3 mg,tablet
amricarnitine 1gm/5ml 5 amp.,amricarnitine,1 gm / 5 ml,ampoule
amricarnitine 300mg 20 f.c. tab.,amricarnitine,300 mg,tablet
amriflucan 150 mg 2 caps.,amriflucan,150 mg,capsule
amriflucan 50 mg 7 caps.,amriflucan,50 mg,capsule
amriodivasc 10/10 mg 15 tabs.,amriodivasc,10 / 10 mg,tablet
amriodivasc 10/5 mg 15 tabs.,amriodivasc,10 / 5 mg,tablet
amriodivasc 5/10 mg 15 tabs.,amriodivasc,5 / 10 mg,tablet
amriodivasc 5/5 mg 15 tabs.,amriodivasc,5 / 5 mg,tablet
amriphylline 0.05gm/5ml syrup 120ml,amriphylline,0.05 gm / 5 ml,syrup
amriphylline 100mg 5 supp.,amriphylline,100 mg,suppository
amriphylline 300mg 5 supp.,amriphylline,300 mg,suppository
amristatin 20mg 10 f.c. tab.,amristatin,20 mg,tablet
amristatin 40mg 10 f.c. tab.,amristatin,40 mg,tablet
amristatin 80mg 10 f.c. tab.,amristatin,80 mg,tablet
amrizole 125mg/5ml susp. 120 ml,amrizole,125 mg/5 ml,suspension
amrizole 1gm 5 rectal supp,amrizole,1 gm,suppository
amrizole 250mg 20 tab,amrizole,250 mg,tablet
amrizole 500 mg 20 tabs.,amrizole,500 mg,tablet
amrizole 500mg 5 vaginal supp.,amrizole,500 mg,suppository
amrizole 500mg vial 100 ml,amrizole,500 mg,vial
amrizole-n 5 vag. supp,amrizole-n,Null,suppository
amthrost 125mg/5ml susp. 60ml,amthrost,125 mg/5 ml,suspension
amthrost 250 mg 10 f.c. tab.,amthrost,250 mg,tablet
amthrost 250mg/5ml susp. 60ml,amthrost,250 mg/5 ml,suspension
amvasc 10mg 30 caps.,amvasc,10 mg,capsule
amvasc 5mg 30 capsules,amvasc,5 mg,capsule
amypapine 30 chew. tabs.,amypapine,Null,tablet
an - epa - 9- 30 cap,an - epa - 9-,Null,capsule
anabol 1000 tablets,anabol,Null,tablet
anabolic activator 59.2 ml,anabolic activator,59.2 ml,Null
anabrammune 75 mg 10 tabs.(n/a yet),anabrammune,75 mg,tablet
anadar 30 softgel caps.,anadar,Null,capsule
anadar 60 softgel caps.,anadar,Null,capsule
anaforten anti-dandruff shampoo 200 ml,anaforten anti-dandruff,200 ml,shampoo
anaforten hair lotion spray 120 ml,anaforten hair,120 ml,lotion spray
anaforten hair mask 300 gm,anaforten hair,300 gm,mask
anaforten hair serum 120 ml,anaforten hair,120 ml,serum
anaforten hair shampoo 200 ml,anaforten hair,200 ml,shampoo
anafronil 25mg 30 tab.,anafronil,25 mg,tablet
anafronil sr 75mg 20 f.c.tab.,anafronil sr,75 mg,tablet
anagen hair lotion spray 120 ml,anagen hair,120 ml,lotion spray
anahal 100% inhalation solution 100 ml,anahal,100 %,solution
anahal 100% inhalation solution 250 ml,anahal,100 %,solution
analfan 200 mg 20 tab,analfan,200 mg,tablet
analgex oblong 500 mg 20x10 f.c. tabs.,analgex oblong,500 mg,tablet
analgex oblong 500mg 200 f.c. tab.,analgex oblong,500 mg,tablet
analgin 500mg 10 tab.,analgin,500 mg,tablet
analgin el nasr 500mg 10 tab,analgin el nasr,500 mg,tablet
analgin el nasr 500mg 200 tab,analgin el nasr,500 mg,tablet
analgin syrup 100 ml,analgin,100 ml,syrup
analgiprof 400 mg 25 sachets,analgiprof,400 mg,sachet
anallerge 2mg/5ml syrup 100 ml,anallerge,2 mg/5 ml,syrup
anallerge 4 mg 60 tab.,anallerge,4 mg,tablet
anandron 50mg 15 tab.,anandron,50 mg,tablet
anandron 50mg 90 tab.,anandron,50 mg,tablet
anapental 500mg i.v. 1 vial,anapental,500 mg,vial
anaplate 75mg 20 sugar coated tab.,anaplate,75 mg,tablet
anapramine 25 mg 30 f.c.tab,anapramine,25 mg,tablet
anapramine 50 mg 30 f.c.tab,anapramine,50 mg,tablet
anapramine s.r. 75mg 20 f.c.tab,anapramine s.r.,75 mg,tablet
anarcol 50mg 30 f.c. tab.,anarcol,50 mg,tablet
anarky cream 50 gm,anarky,50 gm,cream
anaseziago cream 30 gm,anaseziago,30 gm,cream
anastrodex 1 mg 30 f.c. tab,anastrodex,1 mg,tablet
anastrozol sandoz 1 mg 30 f.c. tab.,anastrozol sandoz,1 mg,tab.
anastrozol synthon 1 mg 28 f.c. tab.,anastrozol synthon,1 mg,tab.
anausan 120ml syrup,anausan,120 ml,syrup
ancavaz 10/10 mg 20 tabs.,ancavaz,10/10 mg,tabs.
ancavaz 10/5 mg 20 tabs.,ancavaz,10/5 mg,tabs.
ancavaz 5/10 mg 20 tabs.,ancavaz,5/10 mg,tabs.
ancavaz 5/5 mg 20 tabs.,ancavaz,5/5 mg,tabs.
andagra 100 mg 12 f.c. tabs,andagra,100 mg,tabs
andagra 100 mg 12 f.c. tabs.,andagra,100 mg,tabs.
andequepine 200mg 20 ext. rel. f.c. tab.,andequepine,200 mg,tab.
andiomaline 6 % 4 ml-10 amp,andiomaline,6 % 4 ml,amp
ando 10 gm 10 sachets,ando,10 gm,sachets
andocandoxin 200 mg 3 vaginal caps.,andocandoxin,200 mg,vaginal caps.
andocandoxin 600 mg 1 vaginal caps.,andocandoxin,600 mg,vaginal caps.
andoceptive 30/75mcg 21 c.tabs.,andoceptive,30/75 mcg,tabs.
andocholest 625mg 30 tablets,andocholest,625 mg,tablets
andodaclata 60 mg 28 f.c. tabs.,andodaclata,60 mg,tabs.
andodaricin 7.5 mg 20 f.c.tab.,andodaricin,7.5 mg,tab.
andoderma extra emollient gel 50 ml,andoderma extra emollient,50 ml,gel
andoderma sunscreen spf 34 spray 100 ml,andoderma sunscreen spf 34,100 ml,spray
andoderma sunscreen spf 50 lotion 75 gm,andoderma sunscreen spf 50,75 gm,lotion
andoderma whitening cream 50 gm,andoderma whitening,50 gm,cream
andoflozin xr 12.5/1000 mg 20 f.c. tabs.,andoflozin xr,12.5/1000 mg,tabs.
andoflozin xr 25/1000 mg 20 f.c. tabs.,andoflozin xr,25/1000 mg,tabs.
andofuryl 100 mg 30 caps.,andofuryl,100 mg,caps.
andogablin 75mg 20 cap,andogablin,75 mg,cap
andoglycemic xr 1000mg 30 ext. rel. tabs.,andoglycemic xr,1000 mg,tabs.
andoglycemic xr 500mg 30 ext. rel. tabs.,andoglycemic xr,500 mg,tabs.
andogonium syrup 100 ml,andogonium,100 ml,syrup
andohepasuvir 400mg 28 tablets,andohepasuvir,400 mg,tablets
andomatoid 2 mg 28 f.c.tabs.,andomatoid,2 mg,tabs.
andomatoid 4 mg 28 f.c.tabs.,andomatoid,4 mg,tabs.
andomilast 0.5 mg 20 tabs.,andomilast,0.5 mg,tabs.
andopentene xr 300 mg 20 f.c. tabs.,andopentene xr,300 mg,tabs.
andopentene xr 600 mg 20 f.c. tabs.,andopentene xr,600 mg,tabs.
andopoxetine 30mg 3 f.c.tabs.,andopoxetine,30 mg,tabs.
andopoxetine 60mg 3 f.c. tabs,andopoxetine,60 mg,tabs
andorasirox 500mg 20tabs. for oral susp.,andorasirox,500 mg,tabs.
andorivaban 10 mg 20 tabs,andorivaban,10 mg,tabs
andorivaban 15 mg 20 tabs,andorivaban,15 mg,tabs
andorivaban 2.5 mg 20 f.c. tabs,andorivaban,2.5 mg,tabs
andorivaban 20 mg 20 f.c. tabs.,andorivaban,20 mg,tabs.
andouristat 120 mg 20 f.c. tablets,andouristat,120 mg,tablets
andouristat 80 mg 20 f.c. tablets,andouristat,80 mg,tablets
andovimpamide 100 mg 20 tabs.,andovimpamide,100 mg,tabs.
andovimpamide 100 mg 30 tabs.,andovimpamide,100 mg,tabs.
andovimpamide 10mg/ml syrup 100 ml,andovimpamide,10 mg/ml 100 ml,syrup
andovimpamide 150mg 10 tabs.,andovimpamide,150 mg,tabs.
andovimpamide 200 mg i.v. inf. vial,andovimpamide,200 mg,vial
andovimpamide 200mg 10 tabs.,andovimpamide,200 mg,tabs.
andovimpamide 50 mg 20 tabs. (n/a),Andovimpamide,50 mg,tabs.
andovimpamide 50 mg 30 tabs.,Andovimpamide,50 mg,tabs.
andovit immune vit. c 1000 mg 20 tabs.,Andovit Immune Vit. c,1000 mg,tabs.
andovit immune vit. c 500 mg 20 tabs.,Andovit Immune Vit. c,500 mg,tabs.
andovit iron 20 tabs.,Andovit Iron,0,tabs.
andovit iron plus susp. 100 ml,Andovit Iron Plus,100 ml,susp.
andovit neuro 20 f.c. tabs.,Andovit Neuro,0,tabs.
andovit neuro 30 f.c. tabs. (n/a),Andovit Neuro,0,tabs.
andovit omega 20 caps.,Andovit Omega,0,caps.
andoxezine 150 mg 30 f.c. tabs.,Andoxezine,150 mg,tabs.
andoxezine 300 mg 30 f.c. tabs.,Andoxezine,300 mg,tabs.
andractim 2.5% gel 80 gm (illegal import),Andractim,2.5 %,gel
andrin eye contour cream 30 gm,Andrin Eye Contour,0,cream
andriol 40mg 20 caps,Andriol,40 mg,caps
androcur 50mg 20 tab.,Androcur,50 mg,tab.
andromen 40mg 20 soft gelatin caps.,Andromen,40 mg,soft gelatin caps.
androxine 250mg 10 tab.,Androxine,250 mg,tab.
andy 10 sachets,Andy,0,sachets
anestacon 2mg/ml (100ml) i.v. infusion,Anestacon,2 mg/ml,i.v. infusion
anestacon 2mg/ml (25ml) i.v. infusion,Anestacon,2 mg/ml,i.v. infusion
anestacon 2mg/ml (50ml) i.v. infusion,Anestacon,2 mg/ml,i.v. infusion
anesty topical gel 15gm,Anesty Topical,0,gel
anexate 0.5mg/5ml 5 i.v. amps.,Anexate,0.5 mg/5 ml,i.v. amps.
anexnil 0.5mg/5ml 5 i.v. amps. (n/a),Anexnil,0.5 mg/5 ml,i.v. amps.
angelica cream 50 gm,Angelica,0,cream
angelica massage cream 60gm,Angelica Massage,0,cream
angiflash sore throat spray 20 ml,Angiflash Sore Throat,0,spray
angikinase 100 000 i.u. vial,Angikinase,100 000 i.u.,vial
angikinase 250 000 i.u. vial,Angikinase,250 000 i.u.,vial
angikinase 500 000 i.u. vial,Angikinase,500 000 i.u.,vial
angilow 10mg 30 tab.,Angilow,10 mg,tab.
angilow 20mg 30 tab.,Angilow,20 mg,tab.
anginitra 5 mg 10 sublingual tab.,Anginitra,5 mg,sublingual tab.
angioblock 150/12.5 mg 21 f.c. tabs.,Angioblock,150/12.5 mg,tabs.
angioblock 150/12.5 mg 30 f.c. tabs.,Angioblock,150/12.5 mg,tabs.
angioblock 300/12.5 mg 30 f.c. tabs.,Angioblock,300/12.5 mg,tabs.
angioblock 300/25 mg 30 f.c. tabs.,Angioblock,300/25 mg,tabs.
angioblock mono 150 mg 30 f.c. tabs.,Angioblock Mono,150 mg,tabs.
angioblock mono 300 mg 30 f.c. tabs.,Angioblock Mono,300 mg,tabs.
angioblock mono 75 mg 21 f.c. tabs,Angioblock Mono,75 mg,tabs
angiobradine 5mg 30 scored f.c. tabs,Angiobradine,5 mg,scored f.c. tabs
angiobradine 7.5 mg 30 f.c. tabs,Angiobradine,7.5 mg,tabs
angiobradine 7.5 mg 30 f.c. tabs.,Angiobradine,7.5 mg,tabs.
angiofox (effox) 20 mg 20 tabs.,Angiofox (effox),20 mg,tabs.
angiofox (effox) 25mg long 30 caps.,Angiofox (effox),25 mg,long caps.
angiofox (effox) 40mg 20 tabs.,Angiofox (effox),40 mg,tabs.
angiofox (effox) 50mg long 20 caps.,Angiofox (effox),50 mg,long caps.
angiografin 65% infusion 100 ml,Angiografin,65 %,infusion
angiopress 25mg 10 tab.,Angiopress,25 mg,tab.
angiopress 50mg 10 tab.,Angiopress,50 mg,tab.
angiopress comp 50/25mg 30tab,angiopress comp,50/25 mg,tab
angiosartan 10mg 28 f.c. tabs.,angiosartan,10 mg,tabs
angiosartan 20mg 28 f.c. tabs.,angiosartan,20 mg,tabs
angiosartan 40mg 28 f.c. tabs.,angiosartan,40 mg,tabs
angiosartan plus 20/12.5mg 28 f.c. tabs.,angiosartan plus,20/12.5 mg,tabs
angiosartan plus 20/25mg 28 f.c. tabs.,angiosartan plus,20/25 mg,tabs
angiosartan plus 40/12.5mg 28 f.c. tabs.,angiosartan plus,40/12.5 mg,tabs
angiosartan plus 40/25mg 28 f.c. tabs.,angiosartan plus,40/25 mg,tabs
angiovan 5mg 20 tab,angiovan,5 mg,tab
angiprotect 20 mg 20 tabs.,angiprotect,20 mg,tabs
angised 0.5mg 100 tab,angised,0.5 mg,tab
angitect 60mg 20 f.c.tab.,angitect,60 mg,tab
angosmooth 75mg 30 f.c. tabs.,angosmooth,75 mg,tabs
angurate 25 bags,angurate,Null,bags
anika hair conditioner 250 ml,anika hair,250 ml,conditioner
anika hair serum 75 ml,anika hair,75 ml,serum
anika hair shampoo 250 ml,anika hair,250 ml,shampoo
animal shapes usp 60 tab,animal shapes usp,Null,tab
anise isis sachets,anise isis,Null,sachets
anisol 20 cap,anisol,Null,cap
anivagene ampoules man 14*2.5ml,anivagene man,2.5 ml,ampoules
anivagene ampoules woman 14*2.5ml,anivagene woman,2.5 ml,ampoules
anivagene anti-dandruff shampoo 200 ml,anivagene anti-dandruff,200 ml,shampoo
anivagene conditioner 125 ml,anivagene,125 ml,conditioner
anivagene eyelash serum 10 ml,anivagene eyelash,10 ml,serum
anivagene hair mask 125 ml,anivagene hair,125 ml,mask
anivagene shampoo man 200 ml,anivagene man,200 ml,shampoo
anivagene shampoo woman 200 ml,anivagene woman,200 ml,shampoo
ankle brace,ankle brace,Null,Null
anona care hair oil 200 ml,anona care hair,200 ml,oil
anona hair antifrizz serum 250 ml,anona hair antifrizz,250 ml,serum
anona hair lotion 120 ml,anona hair,120 ml,lotion
anona vaginal wash 120 ml,anona vaginal,120 ml,wash
anoro ellipta 62.5/25mcg inhaler 30 metered doses,anoro ellipta,62.5/25 mcg,inhaler
anovca cream 50 gm,anovca,50 gm,cream
anovca tooth gel 30 gm,anovca tooth,30 gm,gel
anoxicam 20mg 10 supp.,anoxicam,20 mg,supp
anoxicam 20mg 20 tab.,anoxicam,20 mg,tab
anschlarin syrup 120 ml,anschlarin,120 ml,syrup
anselacox 120 mg 10 f.c.tabs.,anselacox,120 mg,tabs
anselacox 30mg 10 f.c.tabs.,anselacox,30 mg,tabs
anselacox 60mg 30 f.c. tabs.,anselacox,60 mg,tabs
anselacox 90mg 30 f.c. tabs,anselacox,90 mg,tabs
anselafil 10mg/ml susp. 120 ml,anselafil,10 mg/ml,susp
antacid-jedco 480mg 20 chewable tab.,antacid-jedco,480 mg,chewable tab
antacidin 240 tab ( chew),antacidin,Null,tab
antacidin plus 20 tab,antacidin plus,Null,tab
anthelios dermo-pediatrics spf 50+ lotion 200 ml,anthelios dermo-pediatrics spf 50+,200 ml,lotion
anthelios dermo-pediatrics spf 50+ spray 200 ml,anthelios dermo-pediatrics spf 50+,200 ml,spray
anthelios hydrating cream spf50 - 50 ml,anthelios hydrating cream spf50,50 ml,cream
anthelios spf 50 invisible face mist 75 ml,anthelios spf 50 invisible face mist,Null,mist
anthelios spf 50 smoothing optical blur 40 ml,anthelios spf 50 smoothing optical blur,Null,Null
anthelios xl spf 50+ bb cream comfort 50 ml,anthelios xl spf 50+ bb cream comfort,Null,cream
anthelios xl spf 50+ cream comfort 50 ml,anthelios xl spf 50+ cream comfort,Null,cream
anthelios xl spf 50+ dry touch gel-cream 50 ml,anthelios xl spf 50+ dry touch gel-cream,Null,gel-cream
anthelios xl spf 50+ fluid 50 ml,anthelios xl spf 50+ fluid,Null,fluid
anthelios xl spf 50+ invisible mist spray 200 ml,anthelios xl spf 50+ invisible mist spray,Null,mist spray
anthelios xl spf 50+ lait (lotion) 100 ml,anthelios xl spf 50+ lait,Null,lotion
anthelios xl spf 50+ nutritive oil 200 ml,anthelios xl spf 50+ nutritive oil,Null,oil
anthelios xl spf 50+ spray 200 ml,anthelios xl spf 50+ spray,Null,spray
anthelios xl spf 50+ tinted fluid 50 ml,anthelios xl spf 50+ tinted fluid,Null,fluid
anthelmin 100mg/5ml susp. 30ml,anthelmin,100 mg/5 ml,suspension
anthramash 1% cream 20 gm,anthramash,1 %,cream
anthrawest 1% cream 20 gm,anthrawest,1 %,cream
anthzon 320 mg 7 f.c. tab,anthzon,320 mg,tablet
anti dep  150 mg 20 cap,anti dep,150 mg,capsule
anti rh (d) amp,anti rh (d),Null,ampoule
anti rh 120 unit im/iv,anti rh,120 unit,Null
anti rh rhophylac,anti rh rhophylac,Null,Null
anti- a-test serum amp,anti- a-test serum,Null,ampoule
anti- d test serum amp,anti- d test serum,Null,ampoule
anti- gas gangrene amp,anti- gas gangrene,Null,ampoule
anti- gas gangrene one dose,anti- gas gangrene,Null,Null
anti- hemophilic globulin,anti- hemophilic globulin,Null,Null
anti- hemophilic plasma,anti- hemophilic plasma,Null,Null
anti- rabies vaccin 20 dose(s) . vial,anti- rabies vaccin,20 dose(s),vial
anti- scorpion serum dry amp,anti- scorpion serum,Null,ampoule
anti- scorpion serum liquid amp,anti- scorpion serum,Null,ampoule
anti- snake venom dry amp,anti- snake venom,Null,ampoule
anti- snake venom serum liquid amp,anti- snake venom serum,Null,ampoule
anti- tetanic 1500 iu- amp,anti- tetanic,1500 IU,ampoule
anti- tetanic serum 30000 iu amp,anti- tetanic serum,30000 IU,ampoule
anti-b-test serum amp,anti-b-test serum,Null,ampoule
anti-cox ii 15mg 10 supp,anti-cox ii,15 mg,suppository
anti-cox ii 15mg 20 tab,anti-cox ii,15 mg,tablet
anti-cox ii 15mg 30 tab.,anti-cox ii,15 mg,tablet
anti-cox ii 15mg/3ml 6 amp,anti-cox ii,15 mg/3 ml,ampoule
anti-cox ii 7.5mg 20 caps,anti-cox ii,7.5 mg,capsule
anti-d test serum amp,anti-d test serum,Null,ampoule
anti-haemophylic globulin (a.h.g)inj.,anti-haemophylic globulin,Null,injection
anti-tetanic 1500 iu-1 cm (10 amp),anti-tetanic,1500 IU,ampoule
antichol 10 mg 10 f.c. tab.,antichol,10 mg,tablet
antichol 20 mg 10 f.c. tab.,antichol,20 mg,tablet
antidan hair shampoo 200 ml,antidan hair shampoo,Null,shampoo
antidial 10 caps.,antidial,Null,capsule
antidiazox 100mg/5ml pd. for oral sol. 60 ml,antidiazox,100 mg/5 ml,powder for oral solution
antidiazox 500mg 12 f.c.tab.,antidiazox,500 mg,tablet
antiflam 1% emulgel 20 gm,antiflam,1 %,emulgel
antiflam 25mg 20 tab.,antiflam,25 mg,tablet
antiflam 50mg 20 tab.,antiflam,50 mg,tablet
antiflu 20 cap,antiflu,20 mg,capsule
antikramp 5mg/2ml i.v./i.m. 1 amp.,antikramp,5 mg/2 ml,ampoule
antimigrozan 2.5mg 6 dis. tabs,antimigrozan,2.5 mg,dispersible tabs
antimigrozan 5mg 6 dis. tabs,antimigrozan,5 mg,dispersible tabs
antimo massage gel 75 gm,antimo massage,Null,gel
antimycot 30 ml drops,antimycot,Null,drops
antinal 200mg 24 capsules,antinal,200 mg,capsule
antinal 220mg/5ml 60ml susp.,antinal,220 mg/5 ml,suspension
antioxidant plus 20 cap,antioxidant plus,20 mg,capsule
antiretro 200 mg 10 caps.(n/a yet),antiretro,200 mg,capsule
antiscar viscous solution 50 ml,antiscar,Null,viscous solution
antiseptol 1mg/ml mouth wash 120 ml,antiseptol,1 mg/ml,mouth wash
antiver 100mg 20*6 tabs.,antiver,100 mg,tablet
antiver 100mg/5ml susp. 30ml,antiver,100 mg/5 ml,suspension
antizole 100mg/5ml susp. 30ml,antizole,100 mg/5 ml,suspension
antizole 200mg 2 tab.,antizole,200 mg,tablet
antodine 10mg 10 chewable tab,antodine,10 mg,chewable tab
antodine 20 mg 10 effervescent tabs.,antodine,20 mg,effervescent tabs
antodine 20mg 30 f.c.tab,antodine,20 mg,tablet
antodine 20mg/2ml 3 i.m. or i.v. amps.,antodine,20 mg/2 ml,ampoule
antodine 40mg 30 f.c. tablets,antodine,40 mg,tablet
antodine 40mg/5ml powder for oral suspension 60 ml,antodine,40 mg/5 ml,powder for oral suspension
antopral 20mg 14 tab,antopral,20 mg,tablet
antopral 40mg 14 tab.,antopral,40 mg,tablet
antopral 40mg powder for i.v. inf. vial,antopral,40 mg,powder for i.v. inf. vial
antox 30 tabs,antox,30 mg,tablet
anusol 25g oint,anusol,Null,ointment
anusol 6 supp,anusol 6,Null,suppository
anusol hc 15g oint.,anusol hc,Null,ointment
anusol hc 6 supp,anusol hc 6,Null,suppository
anuva 50mg 10 dispersible tab.,anuva,50 mg,dispersible tabs
anviziram 200 mg 100 f.c. tabs. (hospitals only),anviziram,200 mg,tablet
anviziram 200 mg 40 f.c.tabs.,anviziram,200 mg,tablet
anxbeat 15 mg 10 tab.,anxbeat,15 mg,tablet
anzatax 6mg/ml (150mg )i.v. inf. vial,anzatax,6 mg/ml,i.v. inf. vial
anzatax 6mg/ml (300mg) i.v. inf. vial,anzatax,6 mg/ml,i.v. inf. vial
anzatax 6mg/ml (30mg ) i.v. inf.vial,anzatax,6 mg/ml,i.v. inf. vial
anzoptima 665 mg 24 mr tabs,anzoptima,665 mg,mr tabs
apcalis 20 mg 4 film coated tab,apcalis,20 mg,film coated tab
aperitif syrup 120 ml,aperitif,Null,syrup
apetoid 100mg 3 f.c.tab.,apetoid,100 mg,tablet
apetoid 20mg 30 f.c.tab.,apetoid,20 mg,tablet
apetryl 0.5mg 50 tab.,apetryl,0.5 mg,tablet
apetryl 2mg 30 tab.,apetryl,2 mg,tablet
apexawestan 2.5 mg 10 f.c. tabs.,apexawestan,2.5 mg,tablet
apexawestan 2.5 mg 30 f.c. tabs.,apexawestan,2.5 mg,tablet
apexazole 1% cream 15 gm,apexazole,1 %,cream
apexazole 1%topical lotion 15 ml,apexazole,1 %,topical lotion
apexidone 0.5mg 30 f.c.tab.,apexidone,0.5 mg,tablet
apexidone 1mg 20 f.c.tab.,apexidone,1 mg,tablet
apexidone 1mg/ml syrup 100 ml,apexidone,1 mg/ml,syrup
apexidone 2mg 20 f.c.tab.,apexidone,2 mg,tablet
apexidone 3mg 30 f.c.tab.,apexidone,3 mg,tablet
apexidone 4mg 30 f.c.tab.,apexidone,4 mg,tablet
aphro neo formula 20 cap,aphro neo formula,Null,capsule
aphrofemine 100mg 30 f.c. tabs,aphrofemine,100 mg,tablet
aphrogen boost 20 caps,aphrogen boost,Null,capsule
aphtarine oral gel 10 ml,aphtarine,Null,gel
aphthtab 2mg 20 buccal bioadhesive tab.,aphthtab,2 mg,buccal bioadhesive tablet
api med cream 40 gm,api med,40 gm,cream
api-care 40g cream,api-care,40 g,cream
api-care cream 25 gm,api-care,25 gm,cream
api-grow powder 10 sachets,api-grow,Null,powder
apic sun block cream 50+spf 60 gm,apic sun block,60 gm,cream
apic white cream 60 gm,apic white,60 gm,cream
apicorte forte 1% eye drops,apicorte forte,1 %,drops
apidone syrup 125ml,apidone,Null,syrup
apidra 100i.u./ml 5 cartiridges,apidra,100 I.U./ml,cartridge
apidra solostar 100i.u./ml 5 prefilled pens,apidra solostar,100 I.U./ml,pen
apifortyl 30 capsule,apifortyl,Null,capsule
apigent 0.1% top. cr. 15 gm,apigent,0.1 %,cream
apigent 3mg/gm eye/ear oint.,apigent,3 mg/gm,ointment
apigent 3mg/ml eye/ear drops 5 ml,apigent,3 mg/ml,drops
apigent-p eye/ear drops 5 ml,apigent-p,Null,drops
apigent-p eye/ear oint. 5 gm,apigent-p,5 gm,ointment
apilipex 10 mg 30 f.c.tab.,apilipex,10 mg,tablet
apilipex 20 mg 30 f.c.tab.,apilipex,20 mg,tablet
apilipex 30 mg 30 f.c. tab.,apilipex,30 mg,tablet
apilipex 5 mg 30 f.c.tab.,apilipex,5 mg,tablet
apimed 40 mg cream,apimed,40 mg,cream
apimed cream 20 gm,apimed,20 gm,cream
apipe 10 mg 30 tablets,apipe,10 mg,tablet
apipe 15 mg 30 tabs,apipe,15 mg,tablet
apixatrack 2.5 mg 30 f.c. tabs.,apixatrack,2.5 mg,tablet
apixatrack 5 mg 30 f.c. tabs,apixatrack,5 mg,tablet
apixol 0.5% eye drops 5 ml,apixol,0.5 %,drops
apo - calcitonin 200 i.u./meterd dose sprey,apo - calcitonin,200 I.U./meterd dose,spray
apo - mefloquine 250 mg 8 tab,apo - mefloquine,250 mg,tablet
apo-calcitonin 200 i.u./metered dose spray,apo-calcitonin,200 I.U./metered dose,spray
apo-desmopressin 10mcg/dose nasal spray 2.5 ml,apo-desmopressin,10 mcg/dose,spray
apo-lorazepam 2mg 10 tab,apo-lorazepam,2 mg,tablet
apo-lorazepam 2mg 100 tab,apo-lorazepam,2 mg,tablet
apo-lyptus 80 ml spray,apo-lyptus,Null,spray
apo-mefloquine 250 mg 8 tab.,apo-mefloquine,250 mg,tablet
apoflor 80 ml mouth spray,apoflor,Null,spray
apotamex 20mg 100 tab,apotamex,20 mg,tablet
appe-raise syrup 120 ml,appe-raise,Null,syrup
appegreek syrup 100 ml,appegreek,Null,syrup
appetizer syrup 120 ml,appetizer,Null,syrup
apple cider vinegar 120tab,apple cider vinegar,Null,tablet
acnesept 80 gram soap,acnesept,80 gram,soap
acnesol soap 100 gm,acnesol,100 gm,soap
acnesone lotion 60 ml,acnesone,60 ml,lotion
acnetin- a 0.025% topical gel 30 gm,acnetin- a,0.025 %,topical gel
acnetin- a 0.05% cream 30 gm,acnetin- a,0.05 %,cream
acnetin- a 0.05% topical sol. 15 ml,acnetin- a,0.05 %,topical sol.
acnetrox 1% topical cream 25 gm,acnetrox,1 %,topical cream
acnevera soap 80 gm,acnevera,80 gm,soap
acnevit anti-acne cleansing gel 200 ml,acnevit anti-acne,200 ml,cleansing gel
acnevit anti-acne serum 30 ml,acnevit anti-acne,30 ml,serum
acni-care 2% lotion 25 ml,acni-care,2 %,lotion
acni-care 2% top. gel. 20 gm,acni-care,2 %,top. gel.
acniact topical gel 15 gm,acniact,15 gm,topical gel
acnidu topical gel,acnidu,Null,topical gel
acnil lotion 60 ml,acnil,60 ml,lotion
acnimed face foam cleanser 200 ml,acnimed face foam,200 ml,cleanser
acnimed topical gel 75 ml,acnimed,75 ml,topical gel
acniswab 0.1% cream 30 gm,acniswab,0.1 %,cream
acnitaz 0.1% topical gel. 15 gm,acnitaz,0.1 %,topical gel.
acnora cream 50 ml,acnora,50 ml,cream
acomplia 20mg 14f.c.tablet (withdrawal),acomplia,20 mg,tablet
acretin 0.025% cream 30 gm,acretin,0.025 %,cream
acretin 0.05% cream 30 gm,acretin,0.05 %,cream
acro cream 75 gm,acro,75 gm,cream
acrocal 24 chewable tabs.,acrocal,Null,chewable tabs.
acromolyn eye drops,acromolyn,Null,eye drops
act hair shampoo 125 ml,act hair,125 ml,shampoo
act life 20 capsules,act life,Null,capsules
act-hib vaccine 10mcg/0.5ml vial,act-hib vaccine,10 mcg/0.5 ml,vial
actemra 200mg/10ml vial for i.v. inf.,actemra,200 mg/10 ml,vial
actemra 400mg/20ml vial for i.v. inf.,actemra,400 mg/20 ml,vial
actemra 80mg/4ml vial for i.v. inf.,actemra,80 mg/4 ml,vial
acti 4 plus whitening cream 75 gm,acti 4 plus whitening,75 gm,cream
acti-colla advance 10 sachets,acti-colla advance,Null,sachets
acti-colla advance 30 sachets,acti-colla advance,Null,sachets
acti-colla-c 10 sachets,acti-colla-c,Null,sachets
acti-colla-c 30 sachets,acti-colla-c,Null,sachets
acti-folic 30 tabs.,acti-folic,Null,tabs.
acti-vita cleansing lotion 200 ml,acti-vita,200 ml,cleansing lotion
acti-vita enriched eye creme procgen 15 ml,acti-vita enriched eye procgen,15 ml,creme
acti-vita gold procgen creme day/night 50 ml,acti-vita gold procgen,50 ml,creme
acti-vita gold procgen serum 15 ml,acti-vita gold procgen,15 ml,serum
acti-vita gold procgen softening lotion 125 ml,acti-vita gold procgen,125 ml,softening lotion
acti-vita perfect complexion mask 100 ml,acti-vita perfect complexion,100 ml,mask
acti-vita ultra rich creme procgen 50 ml,acti-vita ultra rich procgen,50 ml,creme
actica 10 sachets,actica,Null,sachets
acticarb 10 tab,acticarb,Null,tab
actidior gel 25 gm,actidior,25 gm,gel
actifast 12.5mg 20 tab.,actifast,12.5 mg,tab.
actifast 50 mg 30 sachets,actifast,50 mg,sachets
apple cider vinegar 600 mg 200 tabs. (illegal import),apple cider vinegar,600 mg,tabs
apple vinegar vilux syrup 250 ml,apple vinegar vilux,250 ml,syrup
apple vinegar vilux syrup 473 ml,apple vinegar vilux,473 ml,syrup
apple vinegar vilux syrup 500 ml,apple vinegar vilux,500 ml,syrup
apple-lite 30 tablets,apple-lite,Null,tablets
apranax 550 mg 16 tab,apranax,550 mg,tab
apranox 500 mg 3amp,apranox,500 mg,amp
aprepemic 80 mg 2 caps.,aprepemic,80 mg,caps
apresoline 20 mg 5 amp,apresoline,20 mg,amp
apresoline 25mg 84 tab,apresoline,25 mg,tab
apricor cream 30 gm,apricor,30 gm,cream
aprima 3 mg,aprima,3 mg,Null
aprimertaz 30 mg 30 f.c.tabs.,aprimertaz,30 mg,tabs
aprotinin 500000 iu vail,aprotinin,500000 iu,vail
aprovel 150mg 14 tab.,aprovel,150 mg,tab
aprovel 300mg 14tab,aprovel,300 mg,tab
aptamil 1 advance premium+ milk 400 gm,aptamil 1 advance premium+,400 gm,milk
aptamil 2 advance premium+ milk 400 gm,aptamil 2 advance premium+,400 gm,milk
aptamil 2 milk 400 gm,aptamil 2,400 gm,milk
aptamil comfort milk 400 gm,aptamil comfort,400 gm,milk
aptamil ha1 milk 400 gm,aptamil ha1,400 gm,milk
aptamil ha1 milk 400 gm (n/a),aptamil ha1,400 gm,milk
aptamil ha2 milk 400 gm,aptamil ha2,400 gm,milk
aptamil junior (aptajunior) 3 advance premium+ milk 400 gm,aptamil junior 3 advance premium+,400 gm,milk
aptamil junior 3 milk 400 gm,aptamil junior 3,400 gm,milk
aptamil lf milk 400 gm,aptamil lf,400 gm,milk
aptamil nutriprem pdf milk 400 gm,aptamil nutriprem pdf,400 gm,milk
aptamil pre nutriprem milk 400 gm,aptamil pre nutriprem,400 gm,milk
aptamil prosyneo milk 400 gm,aptamil prosyneo,400 gm,milk
aptoful 10/25mg 10 f.c.tab,aptoful,10/25 mg,tab
aptoful 5/12.5mg 10 f.c. tab,aptoful,5/12.5 mg,tab
aqua b 30 tabs,aqua b,Null,tabs
aqua cid 120ml syrup,aqua cid,120 ml,syrup
aqua collo syrup 120 ml,aqua collo,120 ml,syrup
aqua cure syrup 120 ml,aqua cure,120 ml,syrup
aqua dent 300 ml mouth wash,aqua dent,300 ml,mouth wash
aqua dent mouth wash 300 ml,aqua dent,300 ml,mouth wash
aqua gripe n syrup 60 ml,aqua gripe n,60 ml,syrup
aqua gripe syrup 120 ml,aqua gripe,120 ml,syrup
aqua ice complex gel 100 ml,aqua ice complex,100 ml,gel
aqua ice complex spray 150 ml,aqua ice complex,150 ml,spray
aqua moon syrup,aqua moon,Null,syrup
aqua o acne cleanser 200 ml,aqua o acne,200 ml,cleanser
aqua plus syrup 100 ml,aqua plus,100 ml,syrup
aqua queen syp,aqua queen,Null,syp
aqua ream z 120ml syrup,aqua ream z,120 ml,syrup
aqua shuttle cream 75 ml,aqua shuttle,75 ml,cream
aqua v - vaginal gel 60 ml,aqua v - vaginal,60 ml,gel
aqua- gem- e- 30 cap,aqua- gem- e-,Null,cap
aqua-akita facial cleanser 200 ml,aqua-akita facial,200 ml,cleanser
aqua-mix 100ml syrp,aqua-mix,100 ml,syrup
aqua-pen 1 m.i.u. vial.,aqua-pen,1 m.i.u.,vial
aquagen 20ml sol,aquagen,20 ml,solution
aquagen 60ml sol,aquagen,60 ml,solution
aqualarm intensive ud eye drops 30 x 0.5ml sdu,aqualarm intensive ud,0.5 ml,eye drops
aquaprecis eye contour 15ml,aquaprecis eye contour,15 ml,0
aquaprecis mask 40ml,aquaprecis mask,40 ml,0
ar-eze 20 f.c. tablets,ar-eze,0,tablets
arabcofloroquin 200mg/100ml vial,arabcofloroquin,200 mg/100 ml,vial
arabzinc 30 tabs,arabzinc,0,tablets
aracytin 100mg/5ml vial,aracytin,100 mg/5 ml,vial
aranesp 100mcg 4 pref. syringe,aranesp,100 mcg,syringe
aranesp 10mcg 4 pref. syringe,aranesp,10 mcg,syringe
aranesp 150mcg 1 pref. syringe,aranesp,150 mcg,syringe
aranesp 15mcg 1 pref. syringe,aranesp,15 mcg,syringe
aranesp 20mcg 1 pref. syringe,aranesp,20 mcg,syringe
aranesp 300mcg 1 pref. syringe,aranesp,300 mcg,syringe
aranesp 30mcg 4 pref. syringe,aranesp,30 mcg,syringe
aranesp 40mcg 4 pref. syringe,aranesp,40 mcg,syringe
aranesp 500mcg 1 pref. syringe (n/a yet),aranesp,500 mcg,syringe
aranesp 60mcg 4 pref. syringe,aranesp,60 mcg,syringe
aranesp 80mcg 1 pref. syringe,aranesp,80 mcg,syringe
aratins 25mg 10 tab,aratins,25 mg,tablets
araxcalferol d3 - 30 f.c. tabs,araxcalferol d3,0,tablets
araxileve 5 mg 30 oro-dispersible tabs.,araxileve,5 mg,tablets
arbateg 2% susp. 100ml,arbateg,2 %,suspension
arbateg 200mg 30 tab,arbateg,200 mg,tablets
arbateg 400 mg 10 ex.r.tab,arbateg,400 mg,tablets
arca-zinc 30 caps,arca-zinc,0,capsules
arcalion 200mg 40 tab,arcalion,200 mg,tablets
arcalion forte 400mg 30 f.c.tab,arcalion forte,400 mg,tablets
arcechima 300 mg 20 tabs,arcechima,300 mg,tablets
arcotec massage cream gel,arcotec massage,0,cream gel
arcoxia 120 mg 7 f.c.tabs.,arcoxia,120 mg,tablets
arcoxia 60 mg 14 f.c. tabs.,arcoxia,60 mg,tablets
arcoxia 90 mg 14 f.c. tabs,arcoxia,90 mg,tablets
ardiolazin 100mg 30 f.c. tabs.,ardiolazin,100 mg,tablets
ardiolazin 25mg 30 f.c. tabs.,ardiolazin,25 mg,tablets
ardiolazin 50mg 30 f.c. tabs.,ardiolazin,50 mg,tablets
ardoximag 40mg 14 tabs,ardoximag,40 mg,tablets
arena cream massage 75 gm,arena massage,75 gm,cream
arepexane 10mg 20 f.c. tab.,arepexane,10 mg,tablets
arepexane 30mg 20 f.c. tab.,arepexane,30 mg,tablets
argecta 1000mg 30 tabs,argecta,1000 mg,tablets
argento clear facial cleanser 200 ml,argento clear facial,200 ml,cleanser
argento eye contour cream 15 gm,argento eye contour,15 gm,cream
argento eye contour cream 30 gm,argento eye contour,30 gm,cream
argento night cream 30 gm,argento night,30 gm,cream
argento night cream 60 gm,argento night,60 gm,cream
argento profit sunscreen 50+ spf lotion 100 ml,argento profit sunscreen 50+ spf,100 ml,lotion
argento profit sunscreen 50+ spf lotion 50 ml,argento profit sunscreen spf,50 ml,lotion
argentozad cream 40 gm,argentozad,40 gm,cream
argi-b3 20gm cream,argi-b3,20 gm,cream
argiderm - p- 30 gm cream,argiderm - p,30 gm,cream
argiderm- p cream 15 gm,argiderm- p,15 gm,cream
argiderm- p cream 30 gm,argiderm- p,30 gm,cream
argiderm- p cream 40 gm,argiderm- p,40 gm,cream
argifem intimate feminine gel 30 gm,argifem intimate feminine,30 gm,gel
arginine & citrulline 500/250mg 120 veg. caps. (now),arginine & citrulline,500/250 mg,capsule
arginine+ citrulline 1000 mg 60 tab(enar),arginine+ citrulline,1000 mg,tablet
argitex 500 mg 20 caps.,argitex,500 mg,capsule
arglita 14 sachets powder,arglita,Null,powder
argotex cream 50 gm,argotex,50 gm,cream
aricept 10mg 14 tab,aricept,10 mg,tablet
aricept 10mg 7 f.c. tab.,aricept,10 mg,tablet
aricept 5 mg 14 tab.,aricept,5 mg,tablet
aricept 5mg 7 tab.,aricept,5 mg,tablet
arid lotion spray 30 ml,arid,30 ml,lotion spray
arilobe 30mg 20 f.c.tab.,arilobe,30 mg,tablet
arimidex 1 mg 28 tab.,arimidex,1 mg,tablet
aripipracare 10 mg 30 tabs.,aripipracare,10 mg,tablet
aripipracare 20mg 20 scored tabs.,aripipracare,20 mg,tablet
aripiprazole 10 mg 20 orally dis. tablets,aripiprazole,10 mg,tablet
aripiprazole 10mg 20 f.c. tab.,aripiprazole,10 mg,tablet
aripiprazole 15mg 20 f.c. tab.,aripiprazole,15 mg,tablet
aripiprazole 1mg/ml oral sol. 120 ml,aripiprazole,1 mg/ml,solution
aripiprazole 20 mg 20 f.c. tab.,aripiprazole,20 mg,tablet
aripiprazole 30mg 20 f.c tab,aripiprazole,30 mg,tablet
aripiprazole 30mg 20 orally dis.tablets,aripiprazole,30 mg,tablet
aripiprazole 5 mg 30 f.c. tablets,aripiprazole,5 mg,tablet
aripiprex 10mg 30 f.c.tab.,aripiprex,10 mg,tablet
aripiprex 15mg 20 f.c.tab.,aripiprex,15 mg,tablet
aripiprex 1mg/ml oral sol. 100 ml,aripiprex,1 mg/ml,solution
aripiprex 20mg 20 f.c.tab.,aripiprex,20 mg,tablet
aripiprex 30mg 20 f.c.tab.,aripiprex,30 mg,tablet
aripiprex 30mg 30 f.c.tab.,aripiprex,30 mg,tablet
aripiprex 9.75mg/1.3ml 1 vial i.m. inj.,aripiprex,9.75 mg/1.3 ml,vial injection
arixtra 10mg/0.8ml 10 s.c. prefilled syringe,arixtra,10 mg/0.8 ml,prefilled syringe
arixtra 2.5mg/0.5ml 10 s.c. prefilled syringes,arixtra,2.5 mg/0.5 ml,prefilled syringe
arixtra 5mg/0.4ml 10 s.c. prefilled syringe,arixtra,5 mg/0.4 ml,prefilled syringe
arixtra 7.5mg/0.6ml 10 s.c prefilled syringes,arixtra,7.5 mg/0.6 ml,prefilled syringe
arizona hair oil 200ml,arizona hair,200 ml,oil
armodacure 150 mg 30 tabs.,armodacure,150 mg,tablet
armovigil 150 mg 10 tab,armovigil,150 mg,tablet
armovigil 50 mg 30 tab,armovigil,50 mg,tablet
armowake 150mg 10 tabs.,armowake,150 mg,tablet
armowake 50mg 10 tabs.,armowake,50 mg,tablet
armowake 50mg 20 tabs.,armowake,50 mg,tablet
arnya antiseptic spray 60 ml,arnya antiseptic,60 ml,spray
arolyn  lotion 100 ml,arolyn,100 ml,lotion
aromalock 2.5 mg 30 f.c. Tabs,aromalock,2.5 mg,tablet
aromasin 25 mg 30 tabs.,aromasin,25 mg,tablet
aromix 100 mg 14 sachets,aromix,100 mg,sachet
aromix plus capsule,aromix plus,0,capsule
arozole 100mg 14 caps.,arozole,100 mg,capsule
arozole 100mg 4 caps.,arozole,100 mg,capsule
arpimune me 100mg 50 s.g. caps.,arpimune me,100 mg,capsule
arpimune me 25mg 50 s.g. caps.,arpimune me,25 mg,capsule
arpimune me 50mg 50 s.g. caps.,arpimune me,50 mg,capsule
arrowsamine 30 cap,arrowsamine,0,capsule
arsenal 20 capsules,arsenal,0,capsule
art q cream 60 gm,art q,60 gm,cream
art q facial cleanser 200 ml,art q facial cleanser,200 ml,cleanser
artagone 30 h.g caps.,artagone,0,capsule
artamine 250mg 50 capsules,artamine,250 mg,capsule
artec 500/500mg 20 f.c.tabs.,artec,500/500 mg,tablet
arteflex 200 mg 20 cap,arteflex,200 mg,capsule
arteflex 300 mg 20 cap,arteflex,300 mg,capsule
arteflex 67 mg 20 cap,arteflex,67 mg,capsule
artelac ophtiole 3.2mg/ml eye drops 10 ml 2 bottles,artelac ophtiole,3.2 mg/ml,eye drops
arthenia cream 20 gm,arthenia,20 gm,cream
arthenia cream 50gm,arthenia,50 gm,cream
arthfree 100mg 3 f.c. tab.,arthfree,100 mg,tablet
arthfree 20mg 30 f.c. tab.,arthfree,20 mg,tablet
arthineur 10 caps.,arthineur,0,capsule
arthricox 15 mg 10 tab.,arthricox,15 mg,tablet
arthritis free spray topical spray.,arthritis free,0,spray
arthrofast 150 mg 14 m.r. tablets,arthrofast,150 mg,tablet
arthrosamine 30 caps.,arthrosamine,0,capsule
arti top. lotion 120 ml,arti top.,120 ml,lotion
articavol 75mg/3ml 3 amp.,articavol,75 mg/3 ml,ampoule
articu-safe 50mg 30 caps.,articu-safe,50 mg,capsule
articulage 10 sachets,articulage,0,sachet
articulage 15 sachets,articulage,0,sachet
articulage 30 sachets,articulage,0,sachet
artificial renal solution 1012,artificial renal solution 1012,0,solution
artificial saliva oral spray 30 ml,artificial saliva,30 ml,spray
artilane classic 15 bottles 10 ml,artilane classic,10 ml,bottle
artilane forte 15 bottles 10 ml,artilane forte,10 ml,bottle
artinibsa 40mg/0.005mg/ml s.c./i.m inj.,artinibsa,40 mg/0.005 mg/ml,injection
artinibsa 40mg/0.01mg/ml s.c./i.m. inj,artinibsa,40 mg/0.01 mg/ml,injection
artisoy 30 tabs,artisoy,0,tablet
artixiban 2.5 mg 30 f.c. tablets,artixiban,2.5 mg,tablet
artixiban 5 mg 30 f.c. tabs.,artixiban,5 mg,tablet
artofenac 0.09% eye drops 5 ml,artofenac,0.09 %,eye drops
artpharmadent 1:100 000- 50 cartridges 1.7 ml,artpharmadent,1.7 ml,cartridge
artpharmadent 1:200 000 - 50 cartridges 1.7 ml,artpharmadent,1.7 ml,cartridge
arythrex 100mg 10 caps.,arythrex,100 mg,capsule
arythrex 200mg 20 cap,arythrex,200 mg,capsule
arzo comp cream,arzo comp,0,cream
actifast 50mg 30 f.c.tab.,actifast,50 mg,tablet
actifast 50mg 6 sachets,actifast,50 mg,sachet
actifed 12 tab.,actifed,Null,tablet
actifed expectorant syrup 120 ml,actifed expectorant,120 ml,syrup
actifed syrup 120ml,actifed,120 ml,syrup
actiflash massage gel 100 gm,actiflash massage,100 gm,gel
actiflash massage gel 50 gm,actiflash massage,50 gm,gel
actiflexin 30 caps.,actiflexin,Null,capsule
actiher 10 sachets * 3 gm,actiher,3 gm,sachet
actilyse 50 mg 2 vials+2 solvents i.v. inf.,actilyse,50 mg,vial
actimar 30 caps.,actimar,Null,capsule
actimaxvit 15 caps.,actimaxvit,Null,capsule
actimo 100 mg 14 sachets,actimo,100 mg,sachet
actimoxiflox 400 mg 10 f.c. tabs.,actimoxiflox,400 mg,tablet
actimoxiflox 400 mg 5 f.c.tabs.,actimoxiflox,400 mg,tablet
actimoxiflox 400 mg 7 f.c.tabs.,actimoxiflox,400 mg,tablet
activase 50mg 29miu (2vials),activase,50 mg,vial
activat 10 sachets,activat,Null,sachet
activate 200mg 40 sugar coated tab.,activate,200 mg,tablet
active hair cream 100 gm,active hair,100 gm,cream
active hair lotion 250 ml,active hair,250 ml,lotion
active hair oil 120 ml,active hair,120 ml,oil
active hair oil 60 ml,active hair,60 ml,oil
active hair shampoo 250 ml,active hair,250 ml,shampoo
active man 20 tab,active man,Null,tablet
active massage cream 50 gm,active massage,50 gm,cream
active women 20 tab,active women,Null,tablet
active-meno 30 tabs.,active-meno,Null,tablet
activelle 28 tab,activelle,Null,tablet
activen 20 tab,activen,Null,tablet
activent 8mg sr 20 cap.,activent,8 mg,capsule
activin 20 tab.,activin,Null,tablet
activity massage cream 75 gm,activity massage,75 gm,cream
actnow 10 capsules,actnow,Null,capsule
acto-c mouth spray 60 ml,acto-c mouth,60 ml,spray
actoday 5 mg 10 f.c. tab.,actoday,5 mg,tablet
actoflex 3% topical gel 25 gm,actoflex,Null,gel
actolind gel 30 ml,actolind,30 ml,gel
actolind gel 50 ml,actolind,50 ml,gel
actonel 35mg once-a-week 2 f.c. tab. (n/a),actonel,35 mg,tablet
actonel 5mg 14 f.c. tab.,actonel,5 mg,tablet
actonl cream massage 60 mg,actonl cream massage,60 mg,Null
actos 15mg 30 tab.,actos,15 mg,tablet
actos 30mg 30 tab.,actos,30 mg,tablet
actoseb with calcium 28 f.c. tab.(biphasic),actoseb with calcium,Null,tablet
actoweek 35 mg 1 f.c. tab.,actoweek,35 mg,tablet
actozone 30mg 10 tab.,actozone,30 mg,tablet
actozone 45mg 10 tab.,actozone,45 mg,tablet
actrapid hm 100 i.u./ml 10 ml vial,actrapid hm,100 i.u./ml,vial
actrapid hm 100 i.u./ml 5*3ml penfills,actrapid hm,100 i.u./ml,penfills
actriazole 200mg 7 caps.,actriazole,200 mg,caps.
acucort cream 60 gm,acucort,Null,cream
acular ls 0.4% eye drops 5 ml,acular ls,0.4 %,eye drops
acupan 20mg/ml 3 amps.(n/a),acupan,20 mg/ml,amps.
acupan 30mg 20 tabs.(n/a),acupan,30 mg,tabs.
acyclostad 5% cream 10 gm,acyclostad,5 %,cream
acyclovir 1gm vial 5 ml,acyclovir,1 gm,vial
acyclovir 200mg 20 tab,acyclovir,200 mg,tab
acyclovir 250mg 3 vials,acyclovir,250 mg,vials
acyclovir 3% eye oint. 5 gm,acyclovir,3 %,eye oint.
acyclovir 400 stada 35 tabs.,acyclovir stada,400 mg,tabs.
acyclovir 800 stada 35 tab.,acyclovir stada,800 mg,tab.
acyclovir-misr 5% topical cream 10 gm,acyclovir-misr,5 %,topical cream
ad-muc oral oint. 10 gm,ad-muc,Null,oral oint.
adagel 0.1% topical gel. 30 gm,adagel,0.1 %,topical gel.
adalat la 30mg 30 f.c. tabs.,adalat la,30 mg,tabs.
adalat retard 20 mg 30 tab,adalat retard,20 mg,tab
adam 90 veg. caps. (now),adam,Null,veg. caps.
adamat 250mg 30caps.,adamat,250 mg,caps.
adamine 100mg 20 caps.,adamine,100 mg,caps.
adancor 10mg 30 breakable tabs.,adancor,10 mg,breakable tabs.
adancor 20mg 30 breakable tabs.,adancor,20 mg,breakable tabs.
adanoid 0.1% top. gel 30 gm,adanoid,0.1 %,top. gel
adant 25mg/2.5ml intra-articular prefilled syringe,adant,25 mg/2.5 ml,intra-articular prefilled syringe
adapalene 0.1% gel 30 gm,adapalene,0.1 %,gel
adapalene duo forte gel 30 gm,adapalene duo forte,Null,gel
adaptan 250mg/5ml oral solution 100 ml,adaptan,250 mg/5 ml,oral solution
adaptan 300 mg 10 soft gelatin cap.,adaptan,300 mg,soft gelatin cap.
adaptan 400 mg 10 soft gelatin caps.,adaptan,400 mg,soft gelatin caps.
adcetris 50 mg pd. conc. for i.v. inf.,adcetris,50 mg,pd. conc.
adcocare cream 20 gm,adcocare,Null,cream
adcocare cream 40 gm,adcocare,Null,cream
adcocetine 1% oint. 15 gm,adcocetine,1 %,oint.
adcoclindace 10mg/30ml top. soln.,adcoclindace,10 mg/30 ml,top. soln.
adcoclindace 150mg 16 caps.,adcoclindace,150 mg,caps.
adcoclindace 300 mg 16 caps.,adcoclindace,300 mg,caps.
adcocort 4mg 10 tab,adcocort,4 mg,tab
adcocycline 3% oint. 15 gm,adcocycline,3 %,oint.
adcoform 15 gm oint,adcoform,Null,oint
adcokion 10mg 20 chew.tab.,adcokion,10 mg,chew.tab.
adcokion 10mg/ml 5 amp. for i.m. inj.,adcokion,10 mg/ml,amp.
adcomex sterile eye drops 10 ml,adcomex,Null,sterile eye drops
adcopantin 5% topical cream 20 gm,adcopantin,5 %,topical cream
adcopantin 5% topical cream 40 gm,adcopantin,5 %,topical cream
adcostigmine 0.5mg/ml 5 amp.,adcostigmine,0.5 mg/ml,amp.
adcostigmine 5 mg 20 tab.,adcostigmine,5 mg,tab.
adcotrexin 20 caps.,adcotrexin,Null,caps.
adcozole 2% topical cr. 15 gm,adcozole,2 %,topical cr.
addamel n 20 i.v amp 10 ml,addamel n,Null,i.v amp
addo-g 30 hard gelatin capsules,addo-g,Null,hard gelatin capsules
adeno b6 20 f.c. tab.,adeno b6,20 mg,tablet
adeno sed b forte 3 amp.,adeno sed b forte,3 mg,ampoule
adenocor 6 vial 2 ml,adenocor,2 ml,vial
adenoplex forte 3 amp,adenoplex forte,3 mg,ampoule
adenosin forte 3 lyophilized i.m. amp.,adenosin forte,3 mg,lyophilized i.m. ampoule
adenox forte 20 f.c tab.,adenox forte,20 mg,tablet
adezia topical cream 60 gm,adezia topical cream,60 gm,cream
adipomove 30 tablet,adipomove,30 mg,tablet
adol 500mg 24 caplets,adol,500 mg,caplet
adol cold 24 caplets,adol cold,24 mg,caplet
adol extra 24 caplets.,adol extra,24 mg,caplet
adol sinus 24 caplets,adol sinus,24 mg,caplet
adolor 10 mg 20 f.c.tabs.,adolor,10 mg,tablet
adolor 15 mg 3 amps.,adolor,15 mg,ampoule
adolor 30 mg 3 amps.,adolor,30 mg,ampoule
adore multipurpose contact lenses solution 100 ml,adore multipurpose contact lenses solution,100 ml,solution
adox 10 sachets,adox,10 mg,sachet
adport 0.5mg 100 caps.,adport,0.5 mg,capsule
adport 1mg 100 caps,adport,1 mg,capsule
adport 5mg 100 caps.,adport,5 mg,capsule
adrenaline-cid 1 mg/1ml 100 i.m./s.c. amp.,adrenaline-cid,1 mg/1 ml,i.m./s.c. ampoule
adrenamax 1 mg/1ml 10 amp.,adrenamax,1 mg/1 ml,ampoule
adrenocortine 1mg/ml i.m. amp.,adrenocortine,1 mg/ml,i.m. ampoule
adriamycin 10mg vial,adriamycin,10 mg,vial
adriamycin rapid 10mg vial,adriamycin rapid,10 mg,vial
adriblastina r.d 10mg vial. (n/a),adriblastina r.d,10 mg,vial
adriblastina r.d 50mg vial,adriblastina r.d,50 mg,vial
adricin 10 mg/5ml i.v. vial,adricin,10 mg/5 ml,i.v. vial
adricin 50 mg/25ml i.v. vial,adricin,50 mg/25 ml,i.v. vial
adrien gagnon digest 365 30 caps,adrien gagnon digest 365,30 mg,capsule
adrien gagono omega-3 40 caps,adrien gagono omega-3,40 mg,capsule
adrobega 80mg 10 f.c. tab.,adrobega,80 mg,tablet
adroit massage cream 100 gm,adroit massage cream,100 gm,cream
adruan 5 vial,adruan,5 mg,vial
adultominita 30 tabs,adultominita,30 mg,tablet
advagraf 0.5 mg 100 prolonged r. caps.,advagraf,0.5 mg,prolonged release capsule
advagraf 0.5 mg 50 prolonged r. caps. (n/a yet),advagraf,0.5 mg,prolonged release capsule
advagraf 1 mg 100 prolonged r. caps.,advagraf,1 mg,prolonged release capsule
advagraf 1 mg 50 prolonged r. caps. (n/a yet),advagraf,1 mg,prolonged release capsule
advagraf 3 mg 100 prolonged r. caps. (n/a yet),advagraf,3 mg,prolonged release capsule
advagraf 3 mg 50 prolonged r. caps. (n/a yet),advagraf,3 mg,prolonged release capsule
advagraf 5 mg 100 prolonged r. caps. (n/a yet),advagraf,5 mg,prolonged release capsule
advagraf 5 mg 50 prolonged r. caps. (n/a yet),advagraf,5 mg,prolonged release capsule
advahair hair lotion 120 ml,advahair hair lotion,120 ml,lotion
advance soap 100 gm,advance soap,100 gm,soap
advanced omega + dha 30 gummies,advanced omega + dha,30 mg,gummy
advanced omega + dha 60 gummies,advanced omega + dha,60 mg,gummy
advanced probiotic 20 caps.,advanced probiotic,20 mg,capsule
advanced probiotic 60 caps.,advanced probiotic,60 mg,capsule
advanced vitamin c 30 gummies,advanced vitamin c,30 mg,gummy
advanced vitamin c 90 gummies,advanced vitamin c,90 mg,gummies
advancevela max massage 50gm cream,advancevela max massage,50 gm,cream
advancrib 400 mg 5 f.c. tabs.,advancrib,400 mg,tabs
advanopain 200 mcg 4 sublingual tabs.,advanopain,200 mcg,sublingual tabs
advic cream 50 gm,advic,50 gm,cream
advil 200mg 24 tab,advil,200 mg,tab
advil 20mg suspension,advil,20 mg,suspension
advil cold & sinus 20 cap,advil cold & sinus,20 mg,cap
advil cold and sinus 10 coated caplets,advil cold and sinus,10 mg,coated caplets
advil concetrared drops 15 ml,advil concetrared,15 ml,drops
advil effective medicine 200mg 24 tab,advil effective medicine,200 mg,tab
advil ibuprofen 10 tab,advil ibuprofen,10 mg,tab
advil rhume et sinus 20 tab imp,advil rhume et sinus,20 mg,tab
advipro cough & cold syrup 120ml,advipro cough & cold,120 ml,syrup
advo collagen 7 sachets,advo collagen,7 mg,sachets
advochol 10mg 14 f.c. tabs.,advochol,10 mg,tabs
advochol 10mg 28 f.c. tabs.,advochol,10 mg,tabs
advochol 10mg 7 f.c. tabs. (n/a),advochol,10 mg,tabs
advoctam 4.5 gm pd. for iv inf.,advoctam,4.5 gm,pd
advodmontace 5mg tab,advodmontace,5 mg,tab
advohelix syrup 120 ml,advohelix,120 ml,syrup
advomikacin 500mg/2ml vial,advomikacin,500 mg / 2 ml,vial
advoserc 24 mg 10 tab.,advoserc,24 mg,tab
advotinpo 50 mg 10 caps.,advotinpo,50 mg,caps
advoxin 400 mg 5 f.c. tabs.,advoxin,400 mg,tabs
adwibone 60 tab,adwibone,60 mg,tab
adwiflam 12.5mg infants 5 supp.,adwiflam infants,12.5 mg,supp
adwiflam 25 mg 20 f.c.tab,adwiflam,25 mg,tab
adwiflam 25mg children 5 supp.,adwiflam children,25 mg,supp
adwiflam 50 mg 10 sachets,adwiflam,50 mg,sachets
adwiflam 50mg e.r. 20 caps.,adwiflam,50 mg,er caps
adwiflam 50mg e.r. 30 caps.,adwiflam,50 mg,er caps
adwiflam 75mg 5 supp.,adwiflam,75 mg,supp
adwiflam 75mg/3ml 6 amp.,adwiflam,75 mg / 3 ml,amp
adwiflam emulgel 30 gm,adwiflam,30 gm,emulgel
adwiflam emulgel 50 gm,adwiflam,50 gm,emulgel
adwifloxacen 400 mg 7 f.c. tabs.,adwifloxacen,400 mg,tabs
adwimove topical gel 20 gm,adwimove,20 gm,topical gel
adwimove topical gel 50 gm,adwimove,50 gm,topical gel
adwinerve 500 mcg 20 caps.,adwinerve,500 mcg,caps
adwinerve plus 20 caps.,adwinerve plus,20 mg,caps
adwiprazole 10mg 30 f.c. tab.,adwiprazole,10 mg,tab
adwiprazole 30mg 10 f.c.tab.,adwiprazole,30 mg,tab
adwipril 2mg 10 tab.,adwipril,2 mg,tab
adwipril 4 mg 30 tab.,adwipril,4 mg,tab
adwisept 10% vag. douche 120 ml,adwisept,10 %,vag douche
adwisomn 25 mg 20 cap. (n/a),adwisomn,25 mg,cap
adwistadine 5 mg 30 scored f.c.tabs.,adwistadine,5 mg,scored fc tabs
adwistadine 7.5mg 30 f.c.tabs.,adwistadine,7.5 mg,tabs
adwitine 30 mg 30 caps.,adwitine,30 mg,caps
adwitine 60 mg 30 caps.,adwitine,60 mg,caps
adwivalsar 160mg 30 scored f.c. tabs.,adwivalsar,160 mg,tabs
adwivalsar-co 160/12.5mg 10 scored f.c.tab.,adwivalsar-co,160/12.5 mg,tab
adwivalsar-co 160/25mg 10 scored f.c. tab.,adwivalsar-co,160/25 mg,tab
adwivit syrup 120 ml,adwivit,120 ml,syrup
aerius 5 mg 20 f.c.tabs.,aerius,5 mg,tabs
aerolin 100mcg/dose inhaler,aerolin,100 mcg/dose,inhaler
aeromax- hp (eas) 90 cap,aeromax- hp,90 mg,cap
aerotropa nebulizer soln. 10 amp. 2.5ml,aerotropa nebulizer soln,2.5 ml,amp
aerotropa nebulizer soln. 20 amp. 2.5ml,aerotropa nebulizer soln,2.5 ml,amp
aerrane 100% liquid for inhalation (hospitals price),aerrane,100 %,liquid
aesica-bone 30 tab,aesica-bone,30 mg,tab
aethoxysklerol 2% 5 amp. (illegal import),aethoxysklerol,2 %,amp
aethoxysklerol 3% 5 amp,aethoxysklerol,3 %,amp
afinitor 10 mg 30 tabs.,afinitor,10 mg,tabs
afinitor 5 mg 30 tabs.,afinitor,5 mg,tabs
afri medical enema,afri medical,Null,enema
african mango 1000mg 20 caps,african mango,1000 mg,caps
afrin 0.05% nasal spray 20 ml,afrin,0.05 %,nasal spray
afrin adult 0.5mg/ml nasal drops 10 ml,afrin adult,0.5 mg/ml,nasal drops
afrin pediatric 0.25mg/ml nasal drops 10 ml(n/a),afrin pediatric,0.25 mg/ml,nasal drops
afromed 30 caps.,afromed,30 mg,caps
aftamed oral gel junior 15ml,aftamed junior,15 ml,oral gel
aftamed oral mouth wash 150ml,aftamed,150 ml,oral mouth wash
aftamed oral spray 20ml,aftamed,20 ml,oral spray
aftamed shield oral gel 10ml,aftamed shield,10 ml,oral gel
after meals 20 caps.,after meals,20 mg,caps
after meals 30 caps.,after meals,30 mg,caps
agar oral drop,agar,Null,oral drop
agario 10 sachets,agario,10 mg,sachets
agarval 10sachets,agarval,10 mg,sachets
agastina 120 ml syrup,agastina,120 ml,syrup
age-less cream 50 gm,age-less,50 gm,cream
ageal anti-aging rich cream 50 ml,ageal anti-aging rich,50 ml,cream
ageal eye contour cream 15 ml,ageal eye contour,15 ml,cream
agera acne cream 50 gm,agera acne,50 gm,cream
agera acne facial cleanser 150 ml,agera acne facial,150 ml,cleanser
agera whitening cream 50 gm,agera whitening,50 gm,cream
agera whitening facial cleanser 150 ml,agera whitening facial,150 ml,cleanser
aggrastat 12.5mg/50ml i.v. infusion,aggrastat,12.5 mg/50 ml,i.v. infusion
aggrex 250mg 20 tab.,aggrex,250 mg,tab
aggrex 75mg 60 tabs.,aggrex,75 mg,tabs
agiolax 12 granules in sachets,agiolax,12 mg,granules in sachets
agnatix syrup 60 ml,agnatix,60 ml,syrup
agnucaston 20 mg 30 f.c.tabs,agnucaston,20 mg,tabs
agovald 25mg 21 f.c. tabs,agovald,25 mg,tabs
agreal 100 mg 20 cap,agreal,100 mg,cap
agrelocit 50 mg 20 tab.,agrelocit,50 mg,tab
agrippal s1 vaccine,agrippal s1,Null,vaccine
aig alfuzosin xr 10mg 10 extended release f.c.tab,aig alfuzosin xr,10 mg,extended release tab
aig esomeprazole 40mg 21 caps.,aig esomeprazole,40 mg,capsule
aig esomeprazole 40mg 28 caps.,aig esomeprazole,40 mg,capsule
aig minoxidil 2% scalp lotion 100 ml,aig minoxidil scalp,2 %,lotion
aig minoxidil 5% scalp lotion 100 ml,aig minoxidil scalp,5 %,lotion
aiminosyn 10% 500 ml p infusion,aiminosyn p,10 %,infusion
aiminosyn 7 % 500 ml p infusion,aiminosyn p,7 %,infusion
aimovig 70mg/ml s.c. prefilled pen 1 ml,aimovig s.c. prefilled,70 mg/ml,pen
aironyl 1.5mg/5ml syrup 120ml,aironyl,1.5 mg/5 ml,syrup
aironyl 2.5 mg 20 tabs.,aironyl,2.5 mg,tablet
aix vag.douche 250 ml,aix vag.,250 ml,douche
ajirofil anti-dandruff shampoo 125 ml,ajirofil anti-dandruff shampoo,125 ml,shampoo
akanza liquid spray 15ml,akanza liquid spray,15 ml,spray
akema hair oil 120 ml,akema hair oil,120 ml,oil
akenpark 2mg 20 tab.,akenpark,2 mg,tablet
akerat cream 200 ml,akerat cream,200 ml,cream
akineton 2 mg 20 tabs.,akineton,2 mg,tablet
akineton 5 mg/ml 5 amps.,akineton,5 mg/ml,ampoule
akita massage gel 50 gm,akita massage gel,50 gm,gel
akita pro 30 capsule,akita pro,Null,capsule
akitalight facial cleanser 120 ml,akitalight facial cleanser,120 ml,cleanser
akiva dc gel,akiva dc gel,Null,gel
aknapalen 1% topical gel 25 gm,aknapalen topical gel,1 %,gel
aknemycin 2% oint. 15 gm,aknemycin oint.,2 %,ointment
aknemycin 2% solution 25 ml,aknemycin solution,2 %,solution
akneroxid-5 5% gel 20 gm,akneroxid-5,5 %,gel
akno soap 80 gm,akno soap,80 gm,soap
akonesta hair cream 120 ml,akonesta hair cream,120 ml,cream
akonesta hair tonic spray 220 ml,akonesta hair tonic spray,220 ml,spray
akren facial cleanser 250 ml,akren facial cleanser,250 ml,cleanser
akren soap 100 gm,akren soap,100 gm,soap
akren topical cream 60 gm,akren topical cream,60 gm,cream
aktar baby cream 60 gm,aktar baby cream,60 gm,cream
aktocal suspension 120 ml,aktocal suspension,120 ml,suspension
akynzeo 300/0.5 mg 1 caps.,akynzeo,300/0.5 mg,capsule
alaba cream 50gm,alaba cream,50 gm,cream
alambuphine 20mg/2ml 5 amp,alambuphine,20 mg/2 ml,ampoule
alan anti-dandruff hair shampoo 120 ml,alan anti-dandruff hair shampoo,120 ml,shampoo
alan anti-dandruff hair shampoo 200 ml,alan anti-dandruff hair shampoo,200 ml,shampoo
alaska 20 caps.,alaska,Null,capsule
alba 20 caps,alba,Null,capsule
alba cream 50 gm,alba cream,50 gm,cream
alba iron & zinc 20 chew. tabs.,alba iron & zinc,Null,tablet
albapure 20% 50ml i.v.infusion (n/a),albapure i.v.,20 %,infusion
albendazole 200mg/5ml susp. 30ml,albendazole susp.,200 mg/5 ml,suspension
albendazole 400mg 6 tabs,albendazole,400 mg,tablet
albiderm cream 50 gm,albiderm cream,50 gm,cream
albire cream 40 gm,albire cream,40 gm,cream
albothyl 1.8% vag. jel 40 gm,albothyl vag. jel,1.8 %,gel
albothyl 90mg 8 vag. supp,albothyl vag.,90 mg,suppository
albumac cream 75 gm,albumac cream,75 gm,cream
